Workbook

Sheet 问卷数据
A1: 提交序号 | B1: 状态 | C1: Q1-调研类别 | D1: Q2-您参加的活动名称 | E1: Q3-您在展览中的身份 | F1: Q4-展览规模 | G1: Q5-第几次与杭博合作 | H1: Q6-您第几次来杭博参展 | I1: Q7-您的性别 | J1: Q8-您的年龄 | K1: Q10-请问您对杭州国际博览中心的内部交通便利性（交通流线安排）评价？请用1-10分打分。主-交通流线安排(满意度) | L1: Q10-请问您对杭州国际博览中心的内部交通便利性（交通流线安排）评价？请用1-10分打分。主-交通流线安排(重要性) | M1: Q11-请问您对杭州国际博览中心的交通评价？请用1-10分打分。-内部交通便利，容易到达(满意度) | N1: Q11-请问您对杭州国际博览中心的交通评价？请用1-10分打分。-内部交通便利，容易到达(重要性) | O1: Q11-请问您对杭州国际博览中心的交通评价？请用1-10分打分。-园区停车便利(满意度) | P1: Q11-请问您对杭州国际博览中心的交通评价？请用1-10分打分。-园区停车便利(重要性) | Q1: Q12-请问您对杭州国际博览中心的展会路线安排评价？请用1-10分打分。专业观众-展会路线安排(满意度) | R1: Q12-请问您对杭州国际博览中心的展会路线安排评价？请用1-10分打分。专业观众-展会路线安排(重要性) | S1: Q13-请问您对杭州国际博览中心标识标牌清晰评价？请用1-10分打分。-标识标牌清晰(满意度) | T1: Q13-请问您对杭州国际博览中心标识标牌清晰评价？请用1-10分打分。-标识标牌清晰(重要性) | U1: Q14-请问您对杭州国际博览中心的内部交通便利性（货运通道）评价？请用1-10分打分。主-货运通道(满意度) | V1: Q14-请问您对杭州国际博览中心的内部交通便利性（货运通道）评价？请用1-10分打分。主-货运通道(重要性) | W1: Q15-请问您对杭州国际博览中心硬件设施评价？请用1-10分打分。主-设施设备齐全（供电、水务、空调、电梯、照明、消防、网络等）(满意度) | X1: Q15-请问您对杭州国际博览中心硬件设施评价？请用1-10分打分。主-设施设备齐全（供电、水务、空调、电梯、照明、消防、网络等）(重要性) | Y1: Q15-请问您对杭州国际博览中心硬件设施评价？请用1-10分打分。主-展厅使用情况（匹配性、方便性）(满意度) | Z1: Q15-请问您对杭州国际博览中心硬件设施评价？请用1-10分打分。主-展厅使用情况（匹配性、方便性）(重要性) | AA1: Q16-请问您对杭州国际博览中心设备租赁服务评价？请用1-10分打分。主-设备租赁服务(满意度) | AB1: Q16-请问您对杭州国际博览中心设备租赁服务评价？请用1-10分打分。主-设备租赁服务(重要性) | AC1: Q17-请问您对杭州国际博览中心参展环境（空气质量、卫生）评价？请用1-10分打分。专业观众，参展商-参展环境（空气质量，卫生）(满意度) | AD1: Q17-请问您对杭州国际博览中心参展环境（空气质量、卫生）评价？请用1-10分打分。专业观众，参展商-参展环境（空气质量，卫生）(重要性) | AE1: Q18-请问您对杭州国际博览中心销售经理评价？请用1-10分打分。主-销售经理服务态度(满意度) | AF1: Q18-请问您对杭州国际博览中心销售经理评价？请用1-10分打分。主-销售经理服务态度(重要性) | AG1: Q18-请问您对杭州国际博览中心销售经理评价？请用1-10分打分。主-销售经理业务能力(满意度) | AH1: Q18-请问您对杭州国际博览中心销售经理评价？请用1-10分打分。主-销售经理业务能力(重要性) | AI1: Q19-请问您对杭州国际博览中心现场对接协调评价？请用1-10分打分。主-现场对接协调沟通(满意度) | AJ1: Q19-请问您对杭州国际博览中心现场对接协调评价？请用1-10分打分。主-现场对接协调沟通(重要性) | AK1: Q19-请问您对杭州国际博览中心现场对接协调评价？请用1-10分打分。主-现场对接服务效率(满意度) | AL1: Q19-请问您对杭州国际博览中心现场对接协调评价？请用1-10分打分。主-现场对接服务效率(重要性) | AM1: Q20-请问您对杭州国际博览中心工作人员评价？请用1-10分打分。-工作人员仪容仪表(满意度) | AN1: Q20-请问您对杭州国际博览中心工作人员评价？请用1-10分打分。-工作人员仪容仪表(重要性) | AO1: Q20-请问您对杭州国际博览中心工作人员评价？请用1-10分打分。-工作人员服务态度(满意度) | AP1: Q20-请问您对杭州国际博览中心工作人员评价？请用1-10分打分。-工作人员服务态度(重要性) | AQ1: Q20-请问您对杭州国际博览中心工作人员评价？请用1-10分打分。-工作人员业务技能(满意度) | AR1: Q20-请问您对杭州国际博览中心工作人员评价？请用1-10分打分。-工作人员业务技能(重要性) | AS1: Q21-请问您对本次展览的服务效率评价如何？ 请用1-10分打分。主-服务响应及时性(满意度) | AT1: Q21-请问您对本次展览的服务效率评价如何？ 请用1-10分打分。主-服务响应及时性(重要性) | AU1: Q21-请问您对本次展览的服务效率评价如何？ 请用1-10分打分。主-整体协调和配合(满意度) | AV1: Q21-请问您对本次展览的服务效率评价如何？ 请用1-10分打分。主-整体协调和配合(重要性) | AW1: Q22-请问您对本次展览中的各环节服务评价如何？ 请用1-10分打分。主-报馆流程及服务(满意度) | AX1: Q22-请问您对本次展览中的各环节服务评价如何？ 请用1-10分打分。主-报馆流程及服务(重要性) | AY1: Q22-请问您对本次展览中的各环节服务评价如何？ 请用1-10分打分。主-在线服务渠道便捷（报馆服务）(满意度) | AZ1: Q22-请问您对本次展览中的各环节服务评价如何？ 请用1-10分打分。主-在线服务渠道便捷（报馆服务）(重要性) | BA1: Q23-请问您对杭州国际博览中心现场布置与搭建评价？请用1-10分打分。主，参展商-现场布置与搭建(满意度) | BB1: Q23-请问您对杭州国际博览中心现场布置与搭建评价？请用1-10分打分。主，参展商-现场布置与搭建(重要性) | BC1: Q24-请问您对本次展览后的各环节服务评价如何？ 请用1-10分打分。主-撤展服务(满意度) | BD1: Q24-请问您对本次展览后的各环节服务评价如何？ 请用1-10分打分。主-撤展服务(重要性) | BE1: Q24-请问您对本次展览后的各环节服务评价如何？ 请用1-10分打分。主-展后回访(满意度) | BF1: Q24-请问您对本次展览后的各环节服务评价如何？ 请用1-10分打分。主-展后回访(重要性) | BG1: Q25-请问您对杭州国际博览中心配套服务评价？请用1-10分打分。-餐饮服务(自助餐 \美食廊等)(满意度) | BH1: Q25-请问您对杭州国际博览中心配套服务评价？请用1-10分打分。-餐饮服务(自助餐 \美食廊等)(重要性) | BI1: Q25-请问您对杭州国际博览中心配套服务评价？请用1-10分打分。-客房服务(满意度) | BJ1: Q25-请问您对杭州国际博览中心配套服务评价？请用1-10分打分。-客房服务(重要性) | BK1: Q25-请问您对杭州国际博览中心配套服务评价？请用1-10分打分。-安保服务(满意度) | BL1: Q25-请问您对杭州国际博览中心配套服务评价？请用1-10分打分。-安保服务(重要性) | BM1: Q25-请问您对杭州国际博览中心配套服务评价？请用1-10分打分。-保洁服务(满意度) | BN1: Q25-请问您对杭州国际博览中心配套服务评价？请用1-10分打分。-保洁服务(重要性) | BO1: Q26-请问您对杭州国际博览中心接待引导评价？请用1-10分打分。专业观众-接待引导服务(满意度) | BP1: Q26-请问您对杭州国际博览中心接待引导评价？请用1-10分打分。专业观众-接待引导服务(重要性) | BQ1: Q27-您知道杭州国际博览中心杭州国博APP吗？ | BR1: Q28-请问您对杭州国际博览中心杭州国博APP评价？请用1-10分打分。-杭州国博APP(满意度) | BS1: Q28-请问您对杭州国际博览中心杭州国博APP评价？请用1-10分打分。-杭州国博APP(重要性) | BT1: Q29-您知道杭州国际博览中心室内导航系统评价？ | BU1: Q30-请问您对杭州国际博览中心室内导航系统评价如何？请用1-10分打分。-室内导航(满意度) | BV1: Q30-请问您对杭州国际博览中心室内导航系统评价如何？请用1-10分打分。-室内导航(重要性) | BW1: Q31-您知道杭州国际博览中心寻车系统评价？ | BX1: Q32-请问您对杭州国际博览中心寻车系统评价？请用1-10分打分。-寻车系统(满意度) | BY1: Q32-请问您对杭州国际博览中心寻车系统评价？请用1-10分打分。-寻车系统(重要性) | BZ1: Q33-您知道杭州国际博览中心云上看馆吗？ | CA1: Q34-请问您对杭州国际博览中心云上看馆评价？请用1-10分打分。-云上看馆(满意度) | CB1: Q34-请问您对杭州国际博览中心云上看馆评价？请用1-10分打分。-云上看馆(重要性) | CC1: Q35-请问您对本次展览服务的总体满意程度如何？【单选】 请用1-10分打分。—满意度 | CD1: Q36-本次展览的服务是否有达到您的预期？—满意度 | CE1: Q37- 您觉得在杭州市举办会展活动的整体环境（政策、便利、效果）如何？【单选】 请用1-10分打分。 -整体环境（政策、便利、效果）(满意度) | CF1: Q38-您是否有在国内其他城市主办过会展活动？【跳转题型】 | CG1: Q39- 您觉得在杭州市举办会展活动与其他城市相比不同点有哪些？【开放题】 | CH1: Q40- 您是否会再次选择杭州国际博览中心举办活动？【单选】 | CI1: Q41- 您是否会再次选择杭州国际博览中心参展？【单选】 | CJ1: Q42- 您是否会向其他人推荐杭州国际博览中心？【单选】 | CK1: Q43- 请问您对杭州国际博览中心的评价或建议？【开放题】 | CL1: 扩展字段 | CM1: 用户ID | CN1: 修改用户 | CO1: 提交时间 | CP1: 修改时间 | CQ1: 录音 | CR1: 填表时长 | CS1: 开始填表时间 | CT1: 待审核的任务id | CU1: 上次审核的任务id | CV1: 层级列表 | CW1: 待审核的用户 | CX1: 填表地址 | CY1: 用户名称

Sheet 展览主承办
A1: 展览主承办 | B1: =IFERROR(ROUND(AVERAGE(B3,B19,B27,B32),2),"") | C1: =IFERROR(ROUND(AVERAGE(C3,C19,C27,C32),2),"")
A2: 指标 | B2: 满意度 | C2: 重要性
A3: 会展服务 | B3: =IFERROR(ROUND(AVERAGE(B4:B18),2),"") | C3: =IFERROR(ROUND(AVERAGE(C4:C18),2),"")
A4: 销售经理服务态度 | B4: =IFERROR(ROUND(AVERAGEIFS(问卷数据!AE:AE,问卷数据!$E:$E,$A$1,问卷数据!AE:AE,">0",问卷数据!AE:AE,"<11"),2),"") | C4: =IFERROR(ROUND(AVERAGEIFS(问卷数据!AF:AF,问卷数据!$E:$E,$A$1,问卷数据!AF:AF,">0",问卷数据!AF:AF,"<11"),2),"")
A5: 销售经理业务能力 | B5: =IFERROR(ROUND(AVERAGEIFS(问卷数据!AG:AG,问卷数据!$E:$E,$A$1,问卷数据!AG:AG,">0",问卷数据!AG:AG,"<11"),2),"") | C5: =IFERROR(ROUND(AVERAGEIFS(问卷数据!AH:AH,问卷数据!$E:$E,$A$1,问卷数据!AH:AH,">0",问卷数据!AH:AH,"<11"),2),"")
A6: 现场对接协调沟通 | B6: =IFERROR(ROUND(AVERAGEIFS(问卷数据!AI:AI,问卷数据!$E:$E,$A$1,问卷数据!AI:AI,">0",问卷数据!AI:AI,"<11"),2),"") | C6: =IFERROR(ROUND(AVERAGEIFS(问卷数据!AJ:AJ,问卷数据!$E:$E,$A$1,问卷数据!AJ:AJ,">0",问卷数据!AJ:AJ,"<11"),2),"")
A7: 现场对接服务效率 | B7: =IFERROR(ROUND(AVERAGEIFS(问卷数据!AK:AK,问卷数据!$E:$E,$A$1,问卷数据!AK:AK,">0",问卷数据!AK:AK,"<11"),2),"") | C7: =IFERROR(ROUND(AVERAGEIFS(问卷数据!AL:AL,问卷数据!$E:$E,$A$1,问卷数据!AL:AL,">0",问卷数据!AL:AL,"<11"),2),"")
A8: 工作人员仪容仪表 | B8: =IFERROR(ROUND(AVERAGEIFS(问卷数据!$AM:$AM,问卷数据!$E:$E,$A$1,问卷数据!$AM:$AM,">0",问卷数据!$AM:$AM,"<11"),2),"") | C8: =IFERROR(ROUND(AVERAGEIFS(问卷数据!$AN:$AN,问卷数据!$E:$E,$A$1,问卷数据!$AN:$AN,">0",问卷数据!$AN:$AN,"<11"),2),"")
A9: 工作人员服务态度 | B9: =IFERROR(ROUND(AVERAGEIFS(问卷数据!$AO:$AO,问卷数据!$E:$E,$A$1,问卷数据!$AO:$AO,">0",问卷数据!$AO:$AO,"<11"),2),"") | C9: =IFERROR(ROUND(AVERAGEIFS(问卷数据!$AP:$AP,问卷数据!$E:$E,$A$1,问卷数据!$AP:$AP,">0",问卷数据!$AP:$AP,"<11"),2),"")
A10: 工作人员业务技能 | B10: =IFERROR(ROUND(AVERAGEIFS(问卷数据!$AQ:$AQ,问卷数据!$E:$E,$A$1,问卷数据!$AQ:$AQ,">0",问卷数据!$AQ:$AQ,"<11"),2),"") | C10: =IFERROR(ROUND(AVERAGEIFS(问卷数据!$AR:$AR,问卷数据!$E:$E,$A$1,问卷数据!$AR:$AR,">0",问卷数据!$AR:$AR,"<11"),2),"")
A11: 报馆流程及服务 | B11: =IFERROR(ROUND(AVERAGEIFS(问卷数据!$AW:$AW,问卷数据!$E:$E,$A$1,问卷数据!$AW:$AW,">0",问卷数据!$AW:$AW,"<11"),2),"") | C11: =IFERROR(ROUND(AVERAGEIFS(问卷数据!AX:AX,问卷数据!$E:$E,$A$1,问卷数据!AX:AX,">0",问卷数据!AX:AX,"<11"),2),"")
A12: 现场布置与搭建 | B12: =IFERROR(ROUND(AVERAGEIFS(问卷数据!BA:BA,问卷数据!$E:$E,$A$1,问卷数据!BA:BA,">0",问卷数据!BA:BA,"<11"),2),"") | C12: =IFERROR(ROUND(AVERAGEIFS(问卷数据!BB:BB,问卷数据!$E:$E,$A$1,问卷数据!BB:BB,">0",问卷数据!BB:BB,"<11"),2),"")
A13: 在线服务渠道便捷 | B13: =IFERROR(ROUND(AVERAGEIFS(问卷数据!AY:AY,问卷数据!$E:$E,$A$1,问卷数据!AY:AY,">0",问卷数据!AY:AY,"<11"),2),"") | C13: =IFERROR(ROUND(AVERAGEIFS(问卷数据!AZ:AZ,问卷数据!$E:$E,$A$1,问卷数据!AZ:AZ,">0",问卷数据!AZ:AZ,"<11"),2),"")
A14: 撤展服务 | B14: =IFERROR(ROUND(AVERAGEIFS(问卷数据!BC:BC,问卷数据!$E:$E,$A$1,问卷数据!BC:BC,">0",问卷数据!BC:BC,"<11"),2),"") | C14: =IFERROR(ROUND(AVERAGEIFS(问卷数据!BD:BD,问卷数据!$E:$E,$A$1,问卷数据!BD:BD,">0",问卷数据!BD:BD,"<11"),2),"")
A15: 展后回访 | B15: =IFERROR(ROUND(AVERAGEIFS(问卷数据!BE:BE,问卷数据!$E:$E,$A$1,问卷数据!BE:BE,">0",问卷数据!BE:BE,"<11"),2),"") | C15: =IFERROR(ROUND(AVERAGEIFS(问卷数据!BF:BF,问卷数据!$E:$E,$A$1,问卷数据!BF:BF,">0",问卷数据!BF:BF,"<11"),2),"")
A16: 整体协调和配合 | B16: =IFERROR(ROUND(AVERAGEIFS(问卷数据!AU:AU,问卷数据!$E:$E,$A$1,问卷数据!AU:AU,">0",问卷数据!AU:AU,"<11"),2),"") | C16: =IFERROR(ROUND(AVERAGEIFS(问卷数据!AV:AV,问卷数据!$E:$E,$A$1,问卷数据!AV:AV,">0",问卷数据!AV:AV,"<11"),2),"")
A17: 服务响应及时性 | B17: =IFERROR(ROUND(AVERAGEIFS(问卷数据!AS:AS,问卷数据!$E:$E,$A$1,问卷数据!AS:AS,">0",问卷数据!AS:AS,"<11"),2),"") | C17: =IFERROR(ROUND(AVERAGEIFS(问卷数据!AT:AT,问卷数据!$E:$E,$A$1,问卷数据!AT:AT,">0",问卷数据!AT:AT,"<11"),2),"")
A18: 设备租赁 | B18: =IFERROR(ROUND(AVERAGEIFS(问卷数据!AA:AA,问卷数据!$E:$E,$A$1,问卷数据!AA:AA,">0",问卷数据!AA:AA,"<11"),2),"") | C18: =IFERROR(ROUND(AVERAGEIFS(问卷数据!AB:AB,问卷数据!$E:$E,$A$1,问卷数据!AB:AB,">0",问卷数据!AB:AB,"<11"),2),"")
A19: 硬件设施 | B19: =IFERROR(ROUND(AVERAGE(B20:B26),2),"") | C19: =IFERROR(ROUND(AVERAGE(C20:C26),2),"")
A20: 园区停车方便 | B20: =IFERROR(ROUND(AVERAGEIFS(问卷数据!$O:$O,问卷数据!$E:$E,$A$1,问卷数据!$O:$O,">0",问卷数据!$O:$O,"<11"),2),"") | C20: =IFERROR(ROUND(AVERAGEIFS(问卷数据!$P:$P,问卷数据!$E:$E,$A$1,问卷数据!$P:$P,">0",问卷数据!$P:$P,"<11"),2),"")
A21: 交通便利，容易到达 | B21: =IFERROR(ROUND(AVERAGEIFS(问卷数据!$M:$M,问卷数据!$E:$E,$A$1,问卷数据!$M:$M,">0",问卷数据!$M:$M,"<11"),2),"") | C21: =IFERROR(ROUND(AVERAGEIFS(问卷数据!$N:$N,问卷数据!$E:$E,$A$1,问卷数据!$N:$N,">0",问卷数据!$N:$N,"<11"),2),"")
A22: 交通流线 | B22: =IFERROR(ROUND(AVERAGEIFS(问卷数据!$K:$K,问卷数据!$E:$E,$A$1,问卷数据!$K:$K,">0",问卷数据!$K:$K,"<11"),2),"") | C22: =IFERROR(ROUND(AVERAGEIFS(问卷数据!$L:$L,问卷数据!$E:$E,$A$1,问卷数据!$L:$L,">0",问卷数据!$L:$L,"<11"),2),"")
A23: 货运通道 | B23: =IFERROR(ROUND(AVERAGEIFS(问卷数据!$U:$U,问卷数据!$E:$E,$A$1,问卷数据!$U:$U,">0",问卷数据!$U:$U,"<11"),2),"") | C23: =IFERROR(ROUND(AVERAGEIFS(问卷数据!$V:$V,问卷数据!$E:$E,$A$1,问卷数据!$V:$V,">0",问卷数据!$V:$V,"<11"),2),"")
A24: 标识标牌清晰 | B24: =IFERROR(ROUND(AVERAGEIFS(问卷数据!$S:$S,问卷数据!$E:$E,$A$1,问卷数据!$S:$S,">0",问卷数据!$S:$S,"<11"),2),"") | C24: =IFERROR(ROUND(AVERAGEIFS(问卷数据!$T:$T,问卷数据!$E:$E,$A$1,问卷数据!$T:$T,">0",问卷数据!$T:$T,"<11"),2),"")
A25: 设施设备齐全 | B25: =IFERROR(ROUND(AVERAGEIFS(问卷数据!$W:$W,问卷数据!$E:$E,$A$1,问卷数据!$W:$W,">0",问卷数据!$W:$W,"<11"),2),"") | C25: =IFERROR(ROUND(AVERAGEIFS(问卷数据!X:X,问卷数据!$E:$E,$A$1,问卷数据!X:X,">0",问卷数据!X:X,"<11"),2),"")
A26: 展厅使用情况 | B26: =IFERROR(ROUND(AVERAGEIFS(问卷数据!$Y:$Y,问卷数据!$E:$E,$A$1,问卷数据!$Y:$Y,">0",问卷数据!$Y:$Y,"<11"),2),"") | C26: =IFERROR(ROUND(AVERAGEIFS(问卷数据!$Z:$Z,问卷数据!$E:$E,$A$1,问卷数据!$Z:$Z,">0",问卷数据!$Z:$Z,"<11"),2),"")
A27: 配套服务 | B27: =IFERROR(ROUND(AVERAGE(B28:B31),2),"") | C27: =IFERROR(ROUND(AVERAGE(C28:C31),2),"")
A28: 餐饮服务 | B28: =IFERROR(ROUND(AVERAGEIFS(问卷数据!$BG:$BG,问卷数据!$E:$E,$A$1,问卷数据!$BG:$BG,">0",问卷数据!$BG:$BG,"<11"),2),"") | C28: =IFERROR(ROUND(AVERAGEIFS(问卷数据!$BH:$BH,问卷数据!$E:$E,$A$1,问卷数据!$BH:$BH,">0",问卷数据!$BH:$BH,"<11"),2),"")
A29: 客房服务 | B29: =IFERROR(ROUND(AVERAGEIFS(问卷数据!$BI:$BI,问卷数据!$E:$E,$A$1,问卷数据!$BI:$BI,">0",问卷数据!$BI:$BI,"<11"),2),"") | C29: =IFERROR(ROUND(AVERAGEIFS(问卷数据!$BJ:$BJ,问卷数据!$E:$E,$A$1,问卷数据!$BJ:$BJ,">0",问卷数据!$BJ:$BJ,"<11"),2),"")
A30: 安保服务 | B30: =IFERROR(ROUND(AVERAGEIFS(问卷数据!$BK:$BK,问卷数据!$E:$E,$A$1,问卷数据!$BK:$BK,">0",问卷数据!$BK:$BK,"<11"),2),"") | C30: =IFERROR(ROUND(AVERAGEIFS(问卷数据!BL:BL,问卷数据!$E:$E,$A$1,问卷数据!BL:BL,">0",问卷数据!BL:BL,"<11"),2),"")
A31: 保洁服务 | B31: =IFERROR(ROUND(AVERAGEIFS(问卷数据!$BM:$BM,问卷数据!$E:$E,$A$1,问卷数据!$BM:$BM,">0",问卷数据!$BM:$BM,"<11"),2),"") | C31: =IFERROR(ROUND(AVERAGEIFS(问卷数据!$BN:$BN,问卷数据!$E:$E,$A$1,问卷数据!$BN:$BN,">0",问卷数据!$BN:$BN,"<11"),2),"")
A32: 智慧场馆 | B32: =IFERROR(ROUND(AVERAGE(B33:B36),2),"") | C32: =IFERROR(ROUND(AVERAGE(C33:C36),2),"")
A33: 杭州国博APP | B33: =IFERROR(ROUND(AVERAGEIFS(问卷数据!$BR:$BR,问卷数据!$E:$E,$A$1,问卷数据!$BR:$BR,">0",问卷数据!$BR:$BR,"<11"),2),"") | C33: =IFERROR(ROUND(AVERAGEIFS(问卷数据!$BS:$BS,问卷数据!$E:$E,$A$1,问卷数据!$BS:$BS,">0",问卷数据!$BS:$BS,"<11"),2),"")
A34: 室内导航系统 | B34: =IFERROR(ROUND(AVERAGEIFS(问卷数据!BU:BU,问卷数据!$E:$E,$A$1,问卷数据!BU:BU,">0",问卷数据!BU:BU,"<11"),2),"") | C34: =IFERROR(ROUND(AVERAGEIFS(问卷数据!BV:BV,问卷数据!$E:$E,$A$1,问卷数据!BV:BV,">0",问卷数据!BV:BV,"<11"),2),"")
A35: 寻车系统 | B35: =IFERROR(ROUND(AVERAGEIFS(问卷数据!$BX:$BX,问卷数据!$E:$E,$A$1,问卷数据!$BX:$BX,">0",问卷数据!$BX:$BX,"<11"),2),"") | C35: =IFERROR(ROUND(AVERAGEIFS(问卷数据!$BY:$BY,问卷数据!$E:$E,$A$1,问卷数据!$BY:$BY,">0",问卷数据!$BY:$BY,"<11"),2),"")
A36: 云上看馆 | B36: =IFERROR(ROUND(AVERAGEIFS(问卷数据!$CA:$CA,问卷数据!$E:$E,$A$1,问卷数据!$CA:$CA,">0",问卷数据!$CA:$CA,"<11"),2),"") | C36: =IFERROR(ROUND(AVERAGEIFS(问卷数据!$CB:$CB,问卷数据!$E:$E,$A$1,问卷数据!$CB:$CB,">0",问卷数据!$CB:$CB,"<11"),2),"")

Sheet 参展商
A1: 参展商 | B1: =IFERROR(ROUND(AVERAGE(B3,B9,B16,B21),2),"") | C1: =IFERROR(ROUND(AVERAGE(C3,C9,C16,C21),2),"")
A2: 指标 | B2: 满意度 | C2: 重要性
A3: 会场服务 | B3: =IFERROR(ROUND(AVERAGE(B4:B8),2),"") | C3: =IFERROR(ROUND(AVERAGE(C4:C8),2),"")
A4: 工作人员仪容仪表 | B4: =IFERROR(ROUND(AVERAGEIFS(问卷数据!$AM:$AM,问卷数据!$E:$E,$A$1,问卷数据!$AM:$AM,">0",问卷数据!$AM:$AM,"<11"),2),"") | C4: =IFERROR(ROUND(AVERAGEIFS(问卷数据!$AN:$AN,问卷数据!$E:$E,$A$1,问卷数据!$AN:$AN,">0",问卷数据!$AN:$AN,"<11"),2),"")
A5: 工作人员服务态度 | B5: =IFERROR(ROUND(AVERAGEIFS(问卷数据!$AO:$AO,问卷数据!$E:$E,$A$1,问卷数据!$AO:$AO,">0",问卷数据!$AO:$AO,"<11"),2),"") | C5: =IFERROR(ROUND(AVERAGEIFS(问卷数据!$AP:$AP,问卷数据!$E:$E,$A$1,问卷数据!$AP:$AP,">0",问卷数据!$AP:$AP,"<11"),2),"")
A6: 工作人员业务技能 | B6: =IFERROR(ROUND(AVERAGEIFS(问卷数据!$AQ:$AQ,问卷数据!$E:$E,$A$1,问卷数据!$AQ:$AQ,">0",问卷数据!$AQ:$AQ,"<11"),2),"") | C6: =IFERROR(ROUND(AVERAGEIFS(问卷数据!$AR:$AR,问卷数据!$E:$E,$A$1,问卷数据!$AR:$AR,">0",问卷数据!$AR:$AR,"<11"),2),"")
A7: 现场布置与搭建 | B7: =IFERROR(ROUND(AVERAGEIFS(问卷数据!BA:BA,问卷数据!$E:$E,$A$1,问卷数据!BA:BA,">0",问卷数据!BA:BA,"<11"),2),"") | C7: =IFERROR(ROUND(AVERAGEIFS(问卷数据!BB:BB,问卷数据!$E:$E,$A$1,问卷数据!BB:BB,">0",问卷数据!BB:BB,"<11"),2),"")
A8: 接待引导服务 | B8: =IFERROR(ROUND(AVERAGEIFS(问卷数据!$BO:$BO,问卷数据!$E:$E,$A$1,问卷数据!$BO:$BO,">0",问卷数据!$BO:$BO,"<11"),2),"") | C8: =IFERROR(ROUND(AVERAGEIFS(问卷数据!$BP:$BP,问卷数据!$E:$E,$A$1,问卷数据!$BP:$BP,">0",问卷数据!$BP:$BP,"<11"),2),"")
A9: 硬件设施 | B9: =IFERROR(ROUND(AVERAGE(B10:B15),2),"") | C9: =IFERROR(ROUND(AVERAGE(C10:C15),2),"")
A10: 园区停车方便 | B10: =IFERROR(ROUND(AVERAGEIFS(问卷数据!$O:$O,问卷数据!$E:$E,$A$1,问卷数据!$O:$O,">0",问卷数据!$O:$O,"<11"),2),"") | C10: =IFERROR(ROUND(AVERAGEIFS(问卷数据!$P:$P,问卷数据!$E:$E,$A$1,问卷数据!$P:$P,">0",问卷数据!$P:$P,"<11"),2),"")
A11: 交通便利，容易到达 | B11: =IFERROR(ROUND(AVERAGEIFS(问卷数据!$M:$M,问卷数据!$E:$E,$A$1,问卷数据!$M:$M,">0",问卷数据!$M:$M,"<11"),2),"") | C11: =IFERROR(ROUND(AVERAGEIFS(问卷数据!$N:$N,问卷数据!$E:$E,$A$1,问卷数据!$N:$N,">0",问卷数据!$N:$N,"<11"),2),"")
A12: 标识标牌清晰 | B12: =IFERROR(ROUND(AVERAGEIFS(问卷数据!$S:$S,问卷数据!$E:$E,$A$1,问卷数据!$S:$S,">0",问卷数据!$S:$S,"<11"),2),"") | C12: =IFERROR(ROUND(AVERAGEIFS(问卷数据!$T:$T,问卷数据!$E:$E,$A$1,问卷数据!$T:$T,">0",问卷数据!$T:$T,"<11"),2),"")
A13: 设施设备齐全 | B13: =IFERROR(ROUND(AVERAGEIFS(问卷数据!$W:$W,问卷数据!$E:$E,$A$1,问卷数据!$W:$W,">0",问卷数据!$W:$W,"<11"),2),"") | C13: =IFERROR(ROUND(AVERAGEIFS(问卷数据!X:X,问卷数据!$E:$E,$A$1,问卷数据!X:X,">0",问卷数据!X:X,"<11"),2),"")
A14: 展厅使用情况 | B14: =IFERROR(ROUND(AVERAGEIFS(问卷数据!$Y:$Y,问卷数据!$E:$E,$A$1,问卷数据!$Y:$Y,">0",问卷数据!$Y:$Y,"<11"),2),"") | C14: =IFERROR(ROUND(AVERAGEIFS(问卷数据!$Z:$Z,问卷数据!$E:$E,$A$1,问卷数据!$Z:$Z,">0",问卷数据!$Z:$Z,"<11"),2),"")
A15: 参展环境 | B15: =IFERROR(ROUND(AVERAGEIFS(问卷数据!$AC:$AC,问卷数据!$E:$E,$A$1,问卷数据!$AC:$AC,">0",问卷数据!$AC:$AC,"<11"),2),"") | C15: =IFERROR(ROUND(AVERAGEIFS(问卷数据!$AD:$AD,问卷数据!$E:$E,$A$1,问卷数据!$AD:$AD,">0",问卷数据!$AD:$AD,"<11"),2),"")
A16: 配套服务 | B16: =IFERROR(ROUND(AVERAGE(B17:B20),2),"") | C16: =IFERROR(ROUND(AVERAGE(C17:C20),2),"")
A17: 餐饮服务 | B17: =IFERROR(ROUND(AVERAGEIFS(问卷数据!$BG:$BG,问卷数据!$E:$E,$A$1,问卷数据!$BG:$BG,">0",问卷数据!$BG:$BG,"<11"),2),"") | C17: =IFERROR(ROUND(AVERAGEIFS(问卷数据!$BH:$BH,问卷数据!$E:$E,$A$1,问卷数据!$BH:$BH,">0",问卷数据!$BH:$BH,"<11"),2),"")
A18: 客房服务 | B18: =IFERROR(ROUND(AVERAGEIFS(问卷数据!$BI:$BI,问卷数据!$E:$E,$A$1,问卷数据!$BI:$BI,">0",问卷数据!$BI:$BI,"<11"),2),"") | C18: =IFERROR(ROUND(AVERAGEIFS(问卷数据!$BJ:$BJ,问卷数据!$E:$E,$A$1,问卷数据!$BJ:$BJ,">0",问卷数据!$BJ:$BJ,"<11"),2),"")
A19: 安保服务 | B19: =IFERROR(ROUND(AVERAGEIFS(问卷数据!$BK:$BK,问卷数据!$E:$E,$A$1,问卷数据!$BK:$BK,">0",问卷数据!$BK:$BK,"<11"),2),"") | C19: =IFERROR(ROUND(AVERAGEIFS(问卷数据!BL:BL,问卷数据!$E:$E,$A$1,问卷数据!BL:BL,">0",问卷数据!BL:BL,"<11"),2),"")
A20: 保洁服务 | B20: =IFERROR(ROUND(AVERAGEIFS(问卷数据!$BM:$BM,问卷数据!$E:$E,$A$1,问卷数据!$BM:$BM,">0",问卷数据!$BM:$BM,"<11"),2),"") | C20: =IFERROR(ROUND(AVERAGEIFS(问卷数据!$BN:$BN,问卷数据!$E:$E,$A$1,问卷数据!$BN:$BN,">0",问卷数据!$BN:$BN,"<11"),2),"")
A21: 智慧场馆 | B21: =IFERROR(ROUND(AVERAGE(B22:B25),2),"") | C21: =IFERROR(ROUND(AVERAGE(C22:C25),2),"")
A22: 杭州国博APP | B22: =IFERROR(ROUND(AVERAGEIFS(问卷数据!$BR:$BR,问卷数据!$E:$E,$A$1,问卷数据!$BR:$BR,">0",问卷数据!$BR:$BR,"<11"),2),"") | C22: =IFERROR(ROUND(AVERAGEIFS(问卷数据!$BS:$BS,问卷数据!$E:$E,$A$1,问卷数据!$BS:$BS,">0",问卷数据!$BS:$BS,"<11"),2),"")
A23: 室内导航系统 | B23: =IFERROR(ROUND(AVERAGEIFS(问卷数据!BU:BU,问卷数据!$E:$E,$A$1,问卷数据!BU:BU,">0",问卷数据!BU:BU,"<11"),2),"") | C23: =IFERROR(ROUND(AVERAGEIFS(问卷数据!BV:BV,问卷数据!$E:$E,$A$1,问卷数据!BV:BV,">0",问卷数据!BV:BV,"<11"),2),"")
A24: 寻车系统 | B24: =IFERROR(ROUND(AVERAGEIFS(问卷数据!$BX:$BX,问卷数据!$E:$E,$A$1,问卷数据!$BX:$BX,">0",问卷数据!$BX:$BX,"<11"),2),"") | C24: =IFERROR(ROUND(AVERAGEIFS(问卷数据!$BY:$BY,问卷数据!$E:$E,$A$1,问卷数据!$BY:$BY,">0",问卷数据!$BY:$BY,"<11"),2),"")
A25: 云上看馆 | B25: =IFERROR(ROUND(AVERAGEIFS(问卷数据!$CA:$CA,问卷数据!$E:$E,$A$1,问卷数据!$CA:$CA,">0",问卷数据!$CA:$CA,"<11"),2),"") | C25: =IFERROR(ROUND(AVERAGEIFS(问卷数据!$CB:$CB,问卷数据!$E:$E,$A$1,问卷数据!$CB:$CB,">0",问卷数据!$CB:$CB,"<11"),2),"")

Sheet 专业观众
A3: 专业观众 | B3: =IFERROR(ROUND(AVERAGE(B5,B10,B18,B23),2),"") | C3: =IFERROR(ROUND(AVERAGE(C5,C10,C18,C23),2),"")
A4: 指标 | B4: 满意度 | C4: 重要性
A5: 会展服务 | B5: =IFERROR(ROUND(AVERAGE(B6:B9),2),"") | C5: =IFERROR(ROUND(AVERAGE(C6:C9),2),"")
A6: 工作人员仪容仪表 | B6: =IFERROR(ROUND(AVERAGEIFS(问卷数据!$AM:$AM,问卷数据!$E:$E,$A$3,问卷数据!$AM:$AM,">0",问卷数据!$AM:$AM,"<11"),2),"") | C6: =IFERROR(ROUND(AVERAGEIFS(问卷数据!$AN:$AN,问卷数据!$E:$E,$A$3,问卷数据!$AN:$AN,">0",问卷数据!$AN:$AN,"<11"),2),"")
A7: 工作人员服务态度 | B7: =IFERROR(ROUND(AVERAGEIFS(问卷数据!$AO:$AO,问卷数据!$E:$E,$A$3,问卷数据!$AO:$AO,">0",问卷数据!$AO:$AO,"<11"),2),"") | C7: =IFERROR(ROUND(AVERAGEIFS(问卷数据!$AP:$AP,问卷数据!$E:$E,$A$3,问卷数据!$AP:$AP,">0",问卷数据!$AP:$AP,"<11"),2),"")
A8: 工作人员业务技能 | B8: =IFERROR(ROUND(AVERAGEIFS(问卷数据!$AQ:$AQ,问卷数据!$E:$E,$A$3,问卷数据!$AQ:$AQ,">0",问卷数据!$AQ:$AQ,"<11"),2),"") | C8: =IFERROR(ROUND(AVERAGEIFS(问卷数据!$AR:$AR,问卷数据!$E:$E,$A$3,问卷数据!$AR:$AR,">0",问卷数据!$AR:$AR,"<11"),2),"")
A9: 接待引导服务 | B9: =IFERROR(ROUND(AVERAGEIFS(问卷数据!$BO:$BO,问卷数据!$E:$E,$A$3,问卷数据!$BO:$BO,">0",问卷数据!$BO:$BO,"<11"),2),"") | C9: =IFERROR(ROUND(AVERAGEIFS(问卷数据!$BP:$BP,问卷数据!$E:$E,$A$3,问卷数据!$BP:$BP,">0",问卷数据!$BP:$BP,"<11"),2),"")
A10: 硬件设施 | B10: =IFERROR(ROUND(AVERAGE(B11:B17),2),"") | C10: =IFERROR(ROUND(AVERAGE(C11:C17),2),"")
A11: 展会路线安排 | B11: =IFERROR(ROUND(AVERAGEIFS(问卷数据!Q:Q,问卷数据!$E:$E,$A$3,问卷数据!Q:Q,">0",问卷数据!Q:Q,"<11"),2),"") | C11: =IFERROR(ROUND(AVERAGEIFS(问卷数据!R:R,问卷数据!$E:$E,$A$3,问卷数据!R:R,">0",问卷数据!R:R,"<11"),2),"")
A12: 园区停车方便 | B12: =IFERROR(ROUND(AVERAGEIFS(问卷数据!$O:$O,问卷数据!$E:$E,$A$3,问卷数据!$O:$O,">0",问卷数据!$O:$O,"<11"),2),"") | C12: =IFERROR(ROUND(AVERAGEIFS(问卷数据!$P:$P,问卷数据!$E:$E,$A$3,问卷数据!$P:$P,">0",问卷数据!$P:$P,"<11"),2),"")
A13: 交通便利，容易到达 | B13: =IFERROR(ROUND(AVERAGEIFS(问卷数据!$M:$M,问卷数据!$E:$E,$A$3,问卷数据!$M:$M,">0",问卷数据!$M:$M,"<11"),2),"") | C13: =IFERROR(ROUND(AVERAGEIFS(问卷数据!$N:$N,问卷数据!$E:$E,$A$3,问卷数据!$N:$N,">0",问卷数据!$N:$N,"<11"),2),"")
A14: 标识标牌清晰 | B14: =IFERROR(ROUND(AVERAGEIFS(问卷数据!$S:$S,问卷数据!$E:$E,$A$3,问卷数据!$S:$S,">0",问卷数据!$S:$S,"<11"),2),"") | C14: =IFERROR(ROUND(AVERAGEIFS(问卷数据!$T:$T,问卷数据!$E:$E,$A$3,问卷数据!$T:$T,">0",问卷数据!$T:$T,"<11"),2),"")
A15: 设施设备齐全 | B15: =IFERROR(ROUND(AVERAGEIFS(问卷数据!$W:$W,问卷数据!$E:$E,$A$3,问卷数据!$W:$W,">0",问卷数据!$W:$W,"<11"),2),"") | C15: =IFERROR(ROUND(AVERAGEIFS(问卷数据!X:X,问卷数据!$E:$E,$A$3,问卷数据!X:X,">0",问卷数据!X:X,"<11"),2),"")
A16: 展厅使用情况 | B16: =IFERROR(ROUND(AVERAGEIFS(问卷数据!$Y:$Y,问卷数据!$E:$E,$A$3,问卷数据!$Y:$Y,">0",问卷数据!$Y:$Y,"<11"),2),"") | C16: =IFERROR(ROUND(AVERAGEIFS(问卷数据!$Z:$Z,问卷数据!$E:$E,$A$3,问卷数据!$Z:$Z,">0",问卷数据!$Z:$Z,"<11"),2),"")
A17: 参展环境 | B17: =IFERROR(ROUND(AVERAGEIFS(问卷数据!$AC:$AC,问卷数据!$E:$E,$A$3,问卷数据!$AC:$AC,">0",问卷数据!$AC:$AC,"<11"),2),"") | C17: =IFERROR(ROUND(AVERAGEIFS(问卷数据!$AD:$AD,问卷数据!$E:$E,$A$3,问卷数据!$AD:$AD,">0",问卷数据!$AD:$AD,"<11"),2),"")
A18: 配套服务 | B18: =IFERROR(ROUND(AVERAGE(B19:B22),2),"") | C18: =IFERROR(ROUND(AVERAGE(C19:C22),2),"")
A19: 餐饮服务 | B19: =IFERROR(ROUND(AVERAGEIFS(问卷数据!$BG:$BG,问卷数据!$E:$E,$A$3,问卷数据!$BG:$BG,">0",问卷数据!$BG:$BG,"<11"),2),"") | C19: =IFERROR(ROUND(AVERAGEIFS(问卷数据!$BH:$BH,问卷数据!$E:$E,$A$3,问卷数据!$BH:$BH,">0",问卷数据!$BH:$BH,"<11"),2),"")
A20: 客房服务 | B20: =IFERROR(ROUND(AVERAGEIFS(问卷数据!$BI:$BI,问卷数据!$E:$E,$A$3,问卷数据!$BI:$BI,">0",问卷数据!$BI:$BI,"<11"),2),"") | C20: =IFERROR(ROUND(AVERAGEIFS(问卷数据!$BJ:$BJ,问卷数据!$E:$E,$A$3,问卷数据!$BJ:$BJ,">0",问卷数据!$BJ:$BJ,"<11"),2),"")
A21: 安保服务 | B21: =IFERROR(ROUND(AVERAGEIFS(问卷数据!$BK:$BK,问卷数据!$E:$E,$A$3,问卷数据!$BK:$BK,">0",问卷数据!$BK:$BK,"<11"),2),"") | C21: =IFERROR(ROUND(AVERAGEIFS(问卷数据!BL:BL,问卷数据!$E:$E,$A$3,问卷数据!BL:BL,">0",问卷数据!BL:BL,"<11"),2),"")
A22: 保洁服务 | B22: =IFERROR(ROUND(AVERAGEIFS(问卷数据!$BM:$BM,问卷数据!$E:$E,$A$3,问卷数据!$BM:$BM,">0",问卷数据!$BM:$BM,"<11"),2),"") | C22: =IFERROR(ROUND(AVERAGEIFS(问卷数据!$BN:$BN,问卷数据!$E:$E,$A$3,问卷数据!$BN:$BN,">0",问卷数据!$BN:$BN,"<11"),2),"")
A23: 智慧场馆 | B23: =IFERROR(ROUND(AVERAGE(B24:B27),2),"") | C23: =IFERROR(ROUND(AVERAGE(C24:C27),2),"")
A24: 杭州国博APP | B24: =IFERROR(ROUND(AVERAGEIFS(问卷数据!$BR:$BR,问卷数据!$E:$E,$A$3,问卷数据!$BR:$BR,">0",问卷数据!$BR:$BR,"<11"),2),"") | C24: =IFERROR(ROUND(AVERAGEIFS(问卷数据!$BS:$BS,问卷数据!$E:$E,$A$3,问卷数据!$BS:$BS,">0",问卷数据!$BS:$BS,"<11"),2),"")
A25: 室内导航系统 | B25: =IFERROR(ROUND(AVERAGEIFS(问卷数据!BU:BU,问卷数据!$E:$E,$A$3,问卷数据!BU:BU,">0",问卷数据!BU:BU,"<11"),2),"") | C25: =IFERROR(ROUND(AVERAGEIFS(问卷数据!BV:BV,问卷数据!$E:$E,$A$3,问卷数据!BV:BV,">0",问卷数据!BV:BV,"<11"),2),"")
A26: 寻车系统 | B26: =IFERROR(ROUND(AVERAGEIFS(问卷数据!$BX:$BX,问卷数据!$E:$E,$A$3,问卷数据!$BX:$BX,">0",问卷数据!$BX:$BX,"<11"),2),"") | C26: =IFERROR(ROUND(AVERAGEIFS(问卷数据!$BY:$BY,问卷数据!$E:$E,$A$3,问卷数据!$BY:$BY,">0",问卷数据!$BY:$BY,"<11"),2),"")
A27: 云上看馆 | B27: =IFERROR(ROUND(AVERAGEIFS(问卷数据!$CA:$CA,问卷数据!$E:$E,$A$3,问卷数据!$CA:$CA,">0",问卷数据!$CA:$CA,"<11"),2),"") | C27: =IFERROR(ROUND(AVERAGEIFS(问卷数据!$CB:$CB,问卷数据!$E:$E,$A$3,问卷数据!$CB:$CB,">0",问卷数据!$CB:$CB,"<11"),2),"")
