Workbook

Sheet 数据
A1: 提交序号 | B1: 状态 | C1: Q1-会议/展览活动名称 | D1: Q2-您在展览中的身份 | E1: Q3-在杭州国际博览中心第几次提供服务 | F1: Q4-您的性别 | G1: Q5-您的年龄 | H1: Q8-请问您对杭州国际博览中心的交通便利性评价？请用1-10分打分。-外部交通，容易到达(满意度) | I1: Q8-请问您对杭州国际博览中心的交通便利性评价？请用1-10分打分。-外部交通，容易到达(重要性) | J1: Q8-请问您对杭州国际博览中心的交通便利性评价？请用1-10分打分。-园区停车方便(满意度) | K1: Q8-请问您对杭州国际博览中心的交通便利性评价？请用1-10分打分。-园区停车方便(重要性) | L1: Q8-请问您对杭州国际博览中心的交通便利性评价？请用1-10分打分。-内部交通流线安排(满意度) | M1: Q8-请问您对杭州国际博览中心的交通便利性评价？请用1-10分打分。-内部交通流线安排(重要性) | N1: Q8-请问您对杭州国际博览中心的交通便利性评价？请用1-10分打分。-货运通道(满意度) | O1: Q8-请问您对杭州国际博览中心的交通便利性评价？请用1-10分打分。-货运通道(重要性) | P1: Q8-请问您对杭州国际博览中心的交通便利性评价？请用1-10分打分。-快递物流服务(满意度) | Q1: Q8-请问您对杭州国际博览中心的交通便利性评价？请用1-10分打分。-快递物流服务(重要性) | R1: Q9-请问您对本次会议/展览的硬件设施评价如何？ 请用1-10分打分。-标识标牌清晰(满意度) | S1: Q9-请问您对本次会议/展览的硬件设施评价如何？ 请用1-10分打分。-标识标牌清晰(重要性) | T1: Q9-请问您对本次会议/展览的硬件设施评价如何？ 请用1-10分打分。-设施设备齐全（供电、水务、空调、电梯、照明、消防、网络等）(满意度) | U1: Q9-请问您对本次会议/展览的硬件设施评价如何？ 请用1-10分打分。-设施设备齐全（供电、水务、空调、电梯、照明、消防、网络等）(重要性) | V1: Q9-请问您对本次会议/展览的硬件设施评价如何？ 请用1-10分打分。-休息空间(满意度) | W1: Q9-请问您对本次会议/展览的硬件设施评价如何？ 请用1-10分打分。-休息空间(重要性) | X1: Q10-请问您对本次会议/展览中的各环节服务评价如何？ 请用1-10分打分。-工程设备服务(满意度) | Y1: Q10-请问您对本次会议/展览中的各环节服务评价如何？ 请用1-10分打分。-工程设备服务(重要性) | Z1: Q10-请问您对本次会议/展览中的各环节服务评价如何？ 请用1-10分打分。-现场布置与搭建(满意度) | AA1: Q10-请问您对本次会议/展览中的各环节服务评价如何？ 请用1-10分打分。-现场布置与搭建(重要性) | AB1: Q10-请问您对本次会议/展览中的各环节服务评价如何？ 请用1-10分打分。-报馆流程及服务(满意度) | AC1: Q10-请问您对本次会议/展览中的各环节服务评价如何？ 请用1-10分打分。-报馆流程及服务(重要性) | AD1: Q10-请问您对本次会议/展览中的各环节服务评价如何？ 请用1-10分打分。-在线服务渠道便捷（报馆服务）(满意度) | AE1: Q10-请问您对本次会议/展览中的各环节服务评价如何？ 请用1-10分打分。-在线服务渠道便捷（报馆服务）(重要性) | AF1: Q11-请问您对本次会议/展览的工作人员服务评价如何？ 请用1-10分打分。-工作人员仪容仪表(满意度) | AG1: Q11-请问您对本次会议/展览的工作人员服务评价如何？ 请用1-10分打分。-工作人员仪容仪表(重要性) | AH1: Q11-请问您对本次会议/展览的工作人员服务评价如何？ 请用1-10分打分。-工作人员服务态度(满意度) | AI1: Q11-请问您对本次会议/展览的工作人员服务评价如何？ 请用1-10分打分。-工作人员服务态度(重要性) | AJ1: Q11-请问您对本次会议/展览的工作人员服务评价如何？ 请用1-10分打分。-工作人员业务技能(满意度) | AK1: Q11-请问您对本次会议/展览的工作人员服务评价如何？ 请用1-10分打分。-工作人员业务技能(重要性) | AL1: Q11-请问您对本次会议/展览的工作人员服务评价如何？ 请用1-10分打分。-现场对接服务效率(满意度) | AM1: Q11-请问您对本次会议/展览的工作人员服务评价如何？ 请用1-10分打分。-现场对接服务效率(重要性) | AN1: Q11-请问您对本次会议/展览的工作人员服务评价如何？ 请用1-10分打分。-现场协调对接沟通(满意度) | AO1: Q11-请问您对本次会议/展览的工作人员服务评价如何？ 请用1-10分打分。-现场协调对接沟通(重要性) | AP1: Q12-请问您对本次会议/展览服务效率的评价如何？ 请用1-10分打分。-服务响应及时性(满意度) | AQ1: Q12-请问您对本次会议/展览服务效率的评价如何？ 请用1-10分打分。-服务响应及时性(重要性) | AR1: Q12-请问您对本次会议/展览服务效率的评价如何？ 请用1-10分打分。-整体协调和配合(满意度) | AS1: Q12-请问您对本次会议/展览服务效率的评价如何？ 请用1-10分打分。-整体协调和配合(重要性) | AT1: Q13-请问您对本次会议/展览后的各环节服务评价如何？ 请用1-10分打分。-撤展服务(满意度) | AU1: Q13-请问您对本次会议/展览后的各环节服务评价如何？ 请用1-10分打分。-撤展服务(重要性) | AV1: Q13-请问您对本次会议/展览后的各环节服务评价如何？ 请用1-10分打分。-展后回访(满意度) | AW1: Q13-请问您对本次会议/展览后的各环节服务评价如何？ 请用1-10分打分。-展后回访(重要性) | AX1: Q14-请问您对本次会议/展览的相关配套服务评价如何？ 请用1-10分打分。-餐饮服务(自助餐 \美食廊等)(满意度) | AY1: Q14-请问您对本次会议/展览的相关配套服务评价如何？ 请用1-10分打分。-餐饮服务(自助餐 \美食廊等)(重要性) | AZ1: Q14-请问您对本次会议/展览的相关配套服务评价如何？ 请用1-10分打分。-客房服务(满意度) | BA1: Q14-请问您对本次会议/展览的相关配套服务评价如何？ 请用1-10分打分。-客房服务(重要性) | BB1: Q14-请问您对本次会议/展览的相关配套服务评价如何？ 请用1-10分打分。-安保服务(满意度) | BC1: Q14-请问您对本次会议/展览的相关配套服务评价如何？ 请用1-10分打分。-安保服务(重要性) | BD1: Q14-请问您对本次会议/展览的相关配套服务评价如何？ 请用1-10分打分。-保洁服务(满意度) | BE1: Q14-请问您对本次会议/展览的相关配套服务评价如何？ 请用1-10分打分。-保洁服务(重要性) | BF1: Q15-您知道杭州国际博览中心杭州国博APP吗？ | BG1: Q16-请问您对杭州国际博览中心杭州国博APP评价评价？请用1-10分打分。-杭州国博APP(满意度) | BH1: Q16-请问您对杭州国际博览中心杭州国博APP评价评价？请用1-10分打分。-杭州国博APP(重要性) | BI1: Q17-您知道杭州国际博览中心室内导航系统吗？ | BJ1: Q18-请问您对杭州国际博览中心室内导航系统评价如何-室内导航系统(满意度) | BK1: Q18-请问您对杭州国际博览中心室内导航系统评价如何-室内导航系统(重要性) | BL1: Q19-您知道杭州国际博览中心寻车系统吗？ | BM1: Q20-请问您对杭州国际博览中心寻车系统评价评价？请用1-10分打分。-寻车系统(满意度) | BN1: Q20-请问您对杭州国际博览中心寻车系统评价评价？请用1-10分打分。-寻车系统(重要性) | BO1: Q21-您知道杭州国际博览中心云上看馆吗？ | BP1: Q22-请问您对杭州国际博览中心云上看馆评价评价？请用1-10分打分。-云上看馆(满意度) | BQ1: Q22-请问您对杭州国际博览中心云上看馆评价评价？请用1-10分打分。-云上看馆(重要性) | BR1: Q23-请问您对本次展览服务的总体满意程度如何？【单选】 请用1-10分打分。—满意度 | BS1: Q24-本次展览的服务是否有达到您的预期？—满意度 | BT1: Q25- 请问您对杭州国际博览中心的评价或建议？【开放题】 | BU1: 扩展字段 | BV1: 用户ID | BW1: 修改用户 | BX1: 提交时间 | BY1: 修改时间 | BZ1: 录音 | CA1: 填表时长 | CB1: 开始填表时间 | CC1: 待审核的任务id | CD1: 上次审核的任务id | CE1: 层级列表 | CF1: 待审核的用户 | CG1: 填表地址 | CH1: 用户名称

Sheet 会展服务商
A1: 会展服务商 | B1: =IFERROR(ROUND(AVERAGE(B3,B17,B26,B31),2),"") | C1: =IFERROR(ROUND(AVERAGE(C3,C17,C26,C31),2),"")
A2: 指标 | B2: 满意度 | C2: 重要性
A3: 会展服务 | B3: =IFERROR(ROUND(AVERAGE(B4:B16),2),"") | C3: =IFERROR(ROUND(AVERAGE(C4:C16),2),"")
A4: 现场对接协调沟通 | B4: =IFERROR(ROUND(AVERAGEIFS(数据!AN:AN,数据!$D:$D,$A$1,数据!AN:AN,">0",数据!AN:AN,"<11"),2),"") | C4: =IFERROR(ROUND(AVERAGEIFS(数据!AO:AO,数据!$D:$D,$A$1,数据!AO:AO,">0",数据!AO:AO,"<11"),2),"")
A5: 现场对接服务效率 | B5: =IFERROR(ROUND(AVERAGEIFS(数据!AL:AL,数据!$D:$D,$A$1,数据!AL:AL,">0",数据!AL:AL,"<11"),2),"") | C5: =IFERROR(ROUND(AVERAGEIFS(数据!AM:AM,数据!$D:$D,$A$1,数据!AM:AM,">0",数据!AM:AM,"<11"),2),"")
A6: 工作人员仪容仪表 | B6: =IFERROR(ROUND(AVERAGEIFS(数据!AF:AF,数据!$D:$D,$A$1,数据!AF:AF,">0",数据!AF:AF,"<11"),2),"") | C6: =IFERROR(ROUND(AVERAGEIFS(数据!AG:AG,数据!$D:$D,$A$1,数据!AG:AG,">0",数据!AG:AG,"<11"),2),"")
A7: 工作人员服务态度 | B7: =IFERROR(ROUND(AVERAGEIFS(数据!AH:AH,数据!$D:$D,$A$1,数据!AH:AH,">0",数据!AL:AL,"<11"),2),"") | C7: =IFERROR(ROUND(AVERAGEIFS(数据!AI:AI,数据!$D:$D,$A$1,数据!AI:AI,">0",数据!AI:AI,"<11"),2),"")
A8: 工作人员业务技能 | B8: =IFERROR(ROUND(AVERAGEIFS(数据!AJ:AJ,数据!$D:$D,$A$1,数据!AJ:AJ,">0",数据!AJ:AJ,"<11"),2),"") | C8: =IFERROR(ROUND(AVERAGEIFS(数据!AK:AK,数据!$D:$D,$A$1,数据!AK:AK,">0",数据!AK:AK,"<11"),2),"")
A9: 现场布置与搭建 | B9: =IFERROR(ROUND(AVERAGEIFS(数据!Z:Z,数据!$D:$D,$A$1,数据!Z:Z,">0",数据!Z:Z,"<11"),2),"") | C9: =IFERROR(ROUND(AVERAGEIFS(数据!AA:AA,数据!$D:$D,$A$1,数据!AA:AA,">0",数据!AA:AA,"<11"),2),"")
A10: 报馆流程及服务 | B10: =IFERROR(ROUND(AVERAGEIFS(数据!AB:AB,数据!$D:$D,$A$1,数据!AB:AB,">0",数据!AB:AB,"<11"),2),"") | C10: =IFERROR(ROUND(AVERAGEIFS(数据!AC:AC,数据!$D:$D,$A$1,数据!AC:AC,">0",数据!AC:AC,"<11"),2),"")
A11: 在线服务渠道便捷 | B11: =IFERROR(ROUND(AVERAGEIFS(数据!AD:AD,数据!$D:$D,$A$1,数据!AD:AD,">0",数据!AD:AD,"<11"),2),"") | C11: =IFERROR(ROUND(AVERAGEIFS(数据!AE:AE,数据!$D:$D,$A$1,数据!AE:AE,">0",数据!AE:AE,"<11"),2),"")
A12: 工程设备服务 | B12: =IFERROR(ROUND(AVERAGEIFS(数据!X:X,数据!$D:$D,$A$1,数据!X:X,">0",数据!X:X,"<11"),2),"") | C12: =IFERROR(ROUND(AVERAGEIFS(数据!Y:Y,数据!$D:$D,$A$1,数据!Y:Y,">0",数据!Y:Y,"<11"),2),"")
A13: 整体协调和配合 | B13: =IFERROR(ROUND(AVERAGEIFS(数据!AR:AR,数据!$D:$D,$A$1,数据!AR:AR,">0",数据!AR:AR,"<11"),2),"") | C13: =IFERROR(ROUND(AVERAGEIFS(数据!AS:AS,数据!$D:$D,$A$1,数据!AS:AS,">0",数据!AS:AS,"<11"),2),"")
A14: 服务响应及时性 | B14: =IFERROR(ROUND(AVERAGEIFS(数据!AP:AP,数据!$D:$D,$A$1,数据!AP:AP,">0",数据!AP:AP,"<11"),2),"") | C14: =IFERROR(ROUND(AVERAGEIFS(数据!AQ:AQ,数据!$D:$D,$A$1,数据!AQ:AQ,">0",数据!AQ:AQ,"<11"),2),"")
A15: 撤展服务 | B15: =IFERROR(ROUND(AVERAGEIFS(数据!AT:AT,数据!$D:$D,$A$1,数据!AT:AT,">0",数据!AT:AT,"<11"),2),"") | C15: =IFERROR(ROUND(AVERAGEIFS(数据!AU:AU,数据!$D:$D,$A$1,数据!AU:AU,">0",数据!AU:AU,"<11"),2),"")
A16: 展后回访 | B16: =IFERROR(ROUND(AVERAGEIFS(数据!AV:AV,数据!$D:$D,$A$1,数据!AV:AV,">0",数据!AV:AV,"<11"),2),"") | C16: =IFERROR(ROUND(AVERAGEIFS(数据!AX:AX,数据!$D:$D,$A$1,数据!AX:AX,">0",数据!AX:AX,"<11"),2),"")
A17: 硬件设施 | B17: =IFERROR(ROUND(AVERAGE(B18:B25),2),"") | C17: =IFERROR(ROUND(AVERAGE(C18:C25),2),"")
A18: 交通便利，容易到达 | B18: =IFERROR(ROUND(AVERAGEIFS(数据!H:H,数据!$D:$D,$A$1,数据!H:H,">0",数据!H:H,"<11"),2),"") | C18: =IFERROR(ROUND(AVERAGEIFS(数据!I:I,数据!$D:$D,$A$1,数据!I:I,">0",数据!I:I,"<11"),2),"")
A19: 标识标牌清晰 | B19: =IFERROR(ROUND(AVERAGEIFS(数据!R:R,数据!$D:$D,$A$1,数据!R:R,">0",数据!R:R,"<11"),2),"") | C19: =IFERROR(ROUND(AVERAGEIFS(数据!S:S,数据!$D:$D,$A$1,数据!S:S,">0",数据!S:S,"<11"),2),"")
A20: 交通流线 | B20: =IFERROR(ROUND(AVERAGEIFS(数据!L:L,数据!$D:$D,$A$1,数据!L:L,">0",数据!L:L,"<11"),2),"") | C20: =IFERROR(ROUND(AVERAGEIFS(数据!M:M,数据!$D:$D,$A$1,数据!M:M,">0",数据!M:M,"<11"),2),"")
A21: 园区停车便利 | B21: =IFERROR(ROUND(AVERAGEIFS(数据!J:J,数据!$D:$D,$A$1,数据!J:J,">0",数据!J:J,"<11"),2),"") | C21: =IFERROR(ROUND(AVERAGEIFS(数据!K:K,数据!$D:$D,$A$1,数据!K:K,">0",数据!K:K,"<11"),2),"")
A22: 货运通道 | B22: =IFERROR(ROUND(AVERAGEIFS(数据!N:N,数据!$D:$D,$A$1,数据!N:N,">0",数据!N:N,"<11"),2),"") | C22: =IFERROR(ROUND(AVERAGEIFS(数据!O:O,数据!$D:$D,$A$1,数据!O:O,">0",数据!O:O,"<11"),2),"")
A23: 快递物流 | B23: =IFERROR(ROUND(AVERAGEIFS(数据!P:P,数据!$D:$D,$A$1,数据!P:P,">0",数据!P:P,"<11"),2),"") | C23: =IFERROR(ROUND(AVERAGEIFS(数据!Q:Q,数据!$D:$D,$A$1,数据!Q:Q,">0",数据!Q:Q,"<11"),2),"")
A24: 休息空间 | B24: =IFERROR(ROUND(AVERAGEIFS(数据!V:V,数据!$D:$D,$A$1,数据!V:V,">0",数据!V:V,"<11"),2),"") | C24: =IFERROR(ROUND(AVERAGEIFS(数据!W:W,数据!$D:$D,$A$1,数据!W:W,">0",数据!W:W,"<11"),2),"")
A25: 设施设备齐全 | B25: =IFERROR(ROUND(AVERAGEIFS(数据!T:T,数据!$D:$D,$A$1,数据!T:T,">0",数据!T:T,"<11"),2),"") | C25: =IFERROR(ROUND(AVERAGEIFS(数据!U:U,数据!$D:$D,$A$1,数据!U:U,">0",数据!U:U,"<11"),2),"")
A26: 配套服务 | B26: =IFERROR(ROUND(AVERAGE(B27:B30),2),"") | C26: =IFERROR(ROUND(AVERAGE(C27:C30),2),"")
A27: 餐饮服务 | B27: =IFERROR(ROUND(AVERAGEIFS(数据!AX:AX,数据!$D:$D,$A$1,数据!AX:AX,">0",数据!AX:AX,"<11"),2),"") | C27: =IFERROR(ROUND(AVERAGEIFS(数据!AY:AY,数据!$D:$D,$A$1,数据!AY:AY,">0",数据!AY:AY,"<11"),2),"")
A28: 客房服务 | B28: =IFERROR(ROUND(AVERAGEIFS(数据!AZ:AZ,数据!$D:$D,$A$1,数据!AZ:AZ,">0",数据!AZ:AZ,"<11"),2),"") | C28: =IFERROR(ROUND(AVERAGEIFS(数据!BA:BA,数据!$D:$D,$A$1,数据!BA:BA,">0",数据!BA:BA,"<11"),2),"")
A29: 安保服务 | B29: =IFERROR(ROUND(AVERAGEIFS(数据!BB:BB,数据!$D:$D,$A$1,数据!BB:BB,">0",数据!BB:BB,"<11"),2),"") | C29: =IFERROR(ROUND(AVERAGEIFS(数据!BC:BC,数据!$D:$D,$A$1,数据!BC:BC,">0",数据!BC:BC,"<11"),2),"")
A30: 保洁服务 | B30: =IFERROR(ROUND(AVERAGEIFS(数据!BD:BD,数据!$D:$D,$A$1,数据!BD:BD,">0",数据!BD:BD,"<11"),2),"") | C30: =IFERROR(ROUND(AVERAGEIFS(数据!BE:BE,数据!$D:$D,$A$1,数据!BE:BE,">0",数据!BE:BE,"<11"),2),"")
A31: 智慧场馆 | B31: =IFERROR(ROUND(AVERAGE(B32:B35),2),"") | C31: =IFERROR(ROUND(AVERAGE(C32:C35),2),"")
A32: 室内导航系统 | B32: =IFERROR(ROUND(AVERAGEIFS(数据!BJ:BJ,数据!$D:$D,$A$1,数据!BJ:BJ,">0",数据!BJ:BJ,"<11"),2),"") | C32: =IFERROR(ROUND(AVERAGEIFS(数据!BK:BK,数据!$D:$D,$A$1,数据!BK:BK,">0",数据!BK:BK,"<11"),2),"")
A33: 寻车系统 | B33: =IFERROR(ROUND(AVERAGEIFS(数据!BM:BM,数据!$D:$D,$A$1,数据!BM:BM,">0",数据!BM:BM,"<11"),2),"") | C33: =IFERROR(ROUND(AVERAGEIFS(数据!BN:BN,数据!$D:$D,$A$1,数据!BN:BN,">0",数据!BN:BN,"<11"),2),"")
A34: 杭州国博APP | B34: =IFERROR(ROUND(AVERAGEIFS(数据!BG:BG,数据!$D:$D,$A$1,数据!BG:BG,">0",数据!BG:BG,"<11"),2),"") | C34: =IFERROR(ROUND(AVERAGEIFS(数据!BH:BH,数据!$D:$D,$A$1,数据!BH:BH,">0",数据!BH:BH,"<11"),2),"")
A35: 云上看馆 | B35: =IFERROR(ROUND(AVERAGEIFS(数据!BP:BP,数据!$D:$D,$A$1,数据!BP:BP,">0",数据!BP:BP,"<11"),2),"") | C35: =IFERROR(ROUND(AVERAGEIFS(数据!BQ:BQ,数据!$D:$D,$A$1,数据!BQ:BQ,">0",数据!BQ:BQ,"<11"),2),"")
