Workbook

Sheet 问卷数据
A1: 提交序号 | B1: 状态 | C1: Q1-调研类别 | D1: Q2-您参加的活动名称 | E1: Q3-您在会议中的身份 | F1: Q4-您的工作职务 主 | G1: Q5-展览/会议规模 主 | H1: Q6-展览/会议规模 酒店主承办 | I1: Q7-第几次与杭博合作 | J1: Q8-您第几次来杭博参会 | K1: Q9-您的性别 | L1: Q10-您的年龄 | M1: Q12-请问您对请问您对杭州国际博览中心的内部交通流线安排评价？请用1-10分打分。主承办-内部交通流线安排(满意度) | N1: Q12-请问您对请问您对杭州国际博览中心的内部交通流线安排评价？请用1-10分打分。主承办-内部交通流线安排(重要性) | O1: Q13-请问您对杭州国际博览中心的交通便利性评价？请用1-10分打分。-内部交通便利，容易到达(满意度) | P1: Q13-请问您对杭州国际博览中心的交通便利性评价？请用1-10分打分。-内部交通便利，容易到达(重要性) | Q1: Q13-请问您对杭州国际博览中心的交通便利性评价？请用1-10分打分。-内部交通，停车便利(满意度) | R1: Q13-请问您对杭州国际博览中心的交通便利性评价？请用1-10分打分。-内部交通，停车便利(重要性) | S1: Q14-请问您对杭州国际博览中心硬件设施评价？请用1-10分打分。-标识标牌清晰(满意度) | T1: Q14-请问您对杭州国际博览中心硬件设施评价？请用1-10分打分。-标识标牌清晰(重要性) | U1: Q14-请问您对杭州国际博览中心硬件设施评价？请用1-10分打分。-设施设备齐全（空调，水电，电梯，照明，消防，网络等）(满意度) | V1: Q14-请问您对杭州国际博览中心硬件设施评价？请用1-10分打分。-设施设备齐全（空调，水电，电梯，照明，消防，网络等）(重要性) | W1: Q14-请问您对杭州国际博览中心硬件设施评价？请用1-10分打分。-会议厅使用情况（匹配性，方便性）(满意度) | X1: Q14-请问您对杭州国际博览中心硬件设施评价？请用1-10分打分。-会议厅使用情况（匹配性，方便性）(重要性) | Y1: Q14-请问您对杭州国际博览中心硬件设施评价？请用1-10分打分。-会议厅AV效果（音响放映器材）(满意度) | Z1: Q14-请问您对杭州国际博览中心硬件设施评价？请用1-10分打分。-会议厅AV效果（音响放映器材）(重要性) | AA1: Q14-请问您对杭州国际博览中心硬件设施评价？请用1-10分打分。-休息空间(满意度) | AB1: Q14-请问您对杭州国际博览中心硬件设施评价？请用1-10分打分。-休息空间(重要性) | AC1: Q15-B6 请问您对杭州国际博览中心参会环境（空气质量、卫生）评价？请用1-10分打分。 参会人员-参会环境（空气质量，卫生）(满意度) | AD1: Q15-B6 请问您对杭州国际博览中心参会环境（空气质量、卫生）评价？请用1-10分打分。 参会人员-参会环境（空气质量，卫生）(重要性) | AE1: Q16-C1请问您对杭州国际博览中心工作人员评价？请用1-10分打分。-工作人员仪容仪表(满意度) | AF1: Q16-C1请问您对杭州国际博览中心工作人员评价？请用1-10分打分。-工作人员仪容仪表(重要性) | AG1: Q16-C1请问您对杭州国际博览中心工作人员评价？请用1-10分打分。-工作人员业务技能(满意度) | AH1: Q16-C1请问您对杭州国际博览中心工作人员评价？请用1-10分打分。-工作人员业务技能(重要性) | AI1: Q16-C1请问您对杭州国际博览中心工作人员评价？请用1-10分打分。-工作人员服务态度(满意度) | AJ1: Q16-C1请问您对杭州国际博览中心工作人员评价？请用1-10分打分。-工作人员服务态度(重要性) | AK1: Q17-请问您对杭州国际博览中心配套服务评价？请用1-10分打分。-餐饮服务（自助餐/美食廊等）(满意度) | AL1: Q17-请问您对杭州国际博览中心配套服务评价？请用1-10分打分。-餐饮服务（自助餐/美食廊等）(重要性) | AM1: Q17-请问您对杭州国际博览中心配套服务评价？请用1-10分打分。-客房服务(满意度) | AN1: Q17-请问您对杭州国际博览中心配套服务评价？请用1-10分打分。-客房服务(重要性) | AO1: Q17-请问您对杭州国际博览中心配套服务评价？请用1-10分打分。-保洁服务(满意度) | AP1: Q17-请问您对杭州国际博览中心配套服务评价？请用1-10分打分。-保洁服务(重要性) | AQ1: Q17-请问您对杭州国际博览中心配套服务评价？请用1-10分打分。-安保服务(满意度) | AR1: Q17-请问您对杭州国际博览中心配套服务评价？请用1-10分打分。-安保服务(重要性) | AS1: Q18-请问您对杭州国际博览中心销售经理进行评价？请用1-10分打分。主-销售经理服务态度(满意度) | AT1: Q18-请问您对杭州国际博览中心销售经理进行评价？请用1-10分打分。主-销售经理服务态度(重要性) | AU1: Q18-请问您对杭州国际博览中心销售经理进行评价？请用1-10分打分。主-销售经理业务能力(满意度) | AV1: Q18-请问您对杭州国际博览中心销售经理进行评价？请用1-10分打分。主-销售经理业务能力(重要性) | AW1: Q19-ZA3 请问您对杭州国际博览中心现场对接评价？请用1-10分打分。 主-现场对接协调沟通(满意度) | AX1: Q19-ZA3 请问您对杭州国际博览中心现场对接评价？请用1-10分打分。 主-现场对接协调沟通(重要性) | AY1: Q19-ZA3 请问您对杭州国际博览中心现场对接评价？请用1-10分打分。 主-现场对接服务效率(满意度) | AZ1: Q19-ZA3 请问您对杭州国际博览中心现场对接评价？请用1-10分打分。 主-现场对接服务效率(重要性) | BA1: Q20-ZB1 请问您对杭州国际博览中心报馆流程及服务评价？请用1-10分打分。主-报馆流程及服务(满意度) | BB1: Q20-ZB1 请问您对杭州国际博览中心报馆流程及服务评价？请用1-10分打分。主-报馆流程及服务(重要性) | BC1: Q21-ZB2 请问您对杭州国际博览中心现场布置与搭建评价？请用1-10分打分。主-现场布置与搭建(满意度) | BD1: Q21-ZB2 请问您对杭州国际博览中心现场布置与搭建评价？请用1-10分打分。主-现场布置与搭建(重要性) | BE1: Q22-ZB3 请问您对杭州国际博览中心工程设备服务评价？请用1-10分打分。主-工程设备服务(满意度) | BF1: Q22-ZB3 请问您对杭州国际博览中心工程设备服务评价？请用1-10分打分。主-工程设备服务(重要性) | BG1: Q23-ZB4 请问您对杭州国际博览中心茶歇服务与品质评价？请用1-10分打分。-茶歇服务与品质(满意度) | BH1: Q23-ZB4 请问您对杭州国际博览中心茶歇服务与品质评价？请用1-10分打分。-茶歇服务与品质(重要性) | BI1: Q24-ZB5 请问您对杭州国际博览中心在线服务渠道便捷（报馆服务）评价？请用1-10分打分。主-在线服务渠道便捷（报馆服务）(满意度) | BJ1: Q24-ZB5 请问您对杭州国际博览中心在线服务渠道便捷（报馆服务）评价？请用1-10分打分。主-在线服务渠道便捷（报馆服务）(重要性) | BK1: Q25-ZC1 请问您对杭州国际博览中心服务响应及时性评价？请用1-10分打分。主-服务响应及时性(满意度) | BL1: Q25-ZC1 请问您对杭州国际博览中心服务响应及时性评价？请用1-10分打分。主-服务响应及时性(重要性) | BM1: Q26-ZC2 请问您对杭州国际博览中心整体协调和配合评价？请用1-10分打分。主-整体协调与配合(满意度) | BN1: Q26-ZC2 请问您对杭州国际博览中心整体协调和配合评价？请用1-10分打分。主-整体协调与配合(重要性) | BO1: Q27-ZD1 请问您对杭州国际博览中心撤会服务评价？请用1-10分打分。主-撤会服务(满意度) | BP1: Q27-ZD1 请问您对杭州国际博览中心撤会服务评价？请用1-10分打分。主-撤会服务(重要性) | BQ1: Q28-ZD2 请问您对杭州国际博览中心会后回访评价？请用1-10分打分。主-会后回访(满意度) | BR1: Q28-ZD2 请问您对杭州国际博览中心会后回访评价？请用1-10分打分。主-会后回访(重要性) | BS1: Q29-请问您对杭州国际博览中心接待引导评价？请用1-10分打分。参-接待引导服务(满意度) | BT1: Q29-请问您对杭州国际博览中心接待引导评价？请用1-10分打分。参-接待引导服务(重要性) | BU1: Q30-您知道杭州国际博览中心杭州国博APP吗？ | BV1: Q31-请问您对杭州国际博览中心杭州国博APP评价？请用1-10分打分。-杭州国博APP(满意度) | BW1: Q31-请问您对杭州国际博览中心杭州国博APP评价？请用1-10分打分。-杭州国博APP(重要性) | BX1: Q32-您知道杭州国际博览中心室内导航系统评价？ | BY1: Q33-请问您对杭州国际博览中心室内导航系统评价如何？请用1-10分打分。-室内导航系统(满意度) | BZ1: Q33-请问您对杭州国际博览中心室内导航系统评价如何？请用1-10分打分。-室内导航系统(重要性) | CA1: Q34-您知道杭州国际博览中心寻车系统评价？请用1-10分打分。 | CB1: Q35-请问您对杭州国际博览中心寻车系统评价评价？请用1-10分打分。-寻车系统(满意度) | CC1: Q35-请问您对杭州国际博览中心寻车系统评价评价？请用1-10分打分。-寻车系统(重要性) | CD1: Q36-您知道杭州国际博览中心云上看馆吗？ | CE1: Q37-请问您对杭州国际博览中心云上看馆评价评价？请用1-10分打分。-云上看馆(满意度) | CF1: Q37-请问您对杭州国际博览中心云上看馆评价评价？请用1-10分打分。-云上看馆(重要性) | CG1: Q38-请问您对本次展览服务的总体满意程度如何？【单选】 请用1-10分打分。—满意度 | CH1: Q39-本次展览的服务是否有达到您的预期？—满意度 | CI1: Q40- 请问您对杭州国际博览中心的评价或建议？【开放题】 | CJ1: Q41-您是否会向其他人推荐杭州国际博览中心？ | CK1: Q42- 您觉得在杭州市举办会展活动的整体环境（政策、便利、效果）如何？【单选】 请用1-10分打分。 主 -整体环境(满意度) | CL1: Q43-您是否有在国内其他城市主办过会展活动？【跳转题型】主 | CM1: Q44- 您觉得在杭州市举办会展活动与其他城市相比不同点有哪些？【开放题】 主 | CN1: Q45- 您是否会再次选择杭州国际博览中心举办活动？【单选】主 | CO1: Q46-若您再次在此举办活动，希望杭州国际博览中心在哪些方面能进一步优化提升？ 主 | CP1: 扩展字段 | CQ1: 用户ID | CR1: 修改用户 | CS1: 提交时间 | CT1: 修改时间 | CU1: 录音 | CV1: 填表时长 | CW1: 开始填表时间 | CX1: 待审核的任务id | CY1: 上次审核的任务id | CZ1: 层级列表 | DA1: 待审核的用户 | DB1: 填表地址 | DC1: 用户名称

Sheet 会议主承办
A1: 会议主承办 | B1: =IFERROR(ROUND(AVERAGE(B3,B20,B29,B34),2),"") | C1: =IFERROR(ROUND(AVERAGE(C3,C20,C29,C34),2),"")
A2: 指标 | B2: 满意度 | C2: 重要性
A3: 会展服务 | B3: =IFERROR(ROUND(AVERAGE(B4:B19),2),"") | C3: =IFERROR(ROUND(AVERAGE(C4:C19),2),"")
A4: 销售经理服务态度 | B4: =IFERROR(ROUND(AVERAGEIFS(问卷数据!$AS:$AS,问卷数据!$E:$E,$A$1,问卷数据!$AS:$AS,">0",问卷数据!$AS:$AS,"<11"),2),"") | C4: =IFERROR(ROUND(AVERAGEIFS(问卷数据!$AT:AT,问卷数据!$E:$E,$A$1,问卷数据!$AT:$AT,">0",问卷数据!$AT:$AT,"<11"),2),"")
A5: 销售经理业务能力 | B5: =IFERROR(ROUND(AVERAGEIFS(问卷数据!$AU:$AU,问卷数据!$E:$E,$A$1,问卷数据!$AU:$AU,">0",问卷数据!$AU:$AU,"<11"),2),"") | C5: =IFERROR(ROUND(AVERAGEIFS(问卷数据!$AV:$AV,问卷数据!$E:$E,$A$1,问卷数据!$AV:$AV,">0",问卷数据!$AV:$AV,"<11"),2),"")
A6: 现场对接协调沟通 | B6: =IFERROR(ROUND(AVERAGEIFS(问卷数据!$AW:$AW,问卷数据!$E:$E,$A$1,问卷数据!$AW:$AW,">0",问卷数据!$AW:$AW,"<11"),2),"") | C6: =IFERROR(ROUND(AVERAGEIFS(问卷数据!$AX:$AX,问卷数据!$E:$E,$A$1,问卷数据!$AX:$AX,">0",问卷数据!$AX:$AX,"<11"),2),"")
A7: 现场对接服务效率 | B7: =IFERROR(ROUND(AVERAGEIFS(问卷数据!$AY:$AY,问卷数据!$E:$E,$A$1,问卷数据!$AY:$AY,">0",问卷数据!$AY:$AY,"<11"),2),"") | C7: =IFERROR(ROUND(AVERAGEIFS(问卷数据!$AZ:$AZ,问卷数据!$E:$E,$A$1,问卷数据!$AZ:$AZ,">0",问卷数据!$AZ:$AZ,"<11"),2),"")
A8: 工作人员仪容仪表 | B8: =IFERROR(ROUND(AVERAGEIFS(问卷数据!$AE:$AE,问卷数据!$E:$E,$A$1,问卷数据!$AE:$AE,">0",问卷数据!$AE:$AE,"<11"),2),"") | C8: =IFERROR(ROUND(AVERAGEIFS(问卷数据!$AF:$AF,问卷数据!$E:$E,$A$1,问卷数据!$AF:$AF,">0",问卷数据!$AF:$AF,"<11"),2),"")
A9: 工作人员服务态度 | B9: =IFERROR(ROUND(AVERAGEIFS(问卷数据!$AI:$AI,问卷数据!$E:$E,$A$1,问卷数据!$AI:$AI,">0",问卷数据!$AI:$AI,"<11"),2),"") | C9: =IFERROR(ROUND(AVERAGEIFS(问卷数据!$AJ:$AJ,问卷数据!$E:$E,$A$1,问卷数据!$AJ:$AJ,">0",问卷数据!$AJ:$AJ,"<11"),2),"")
A10: 工作人员业务技能 | B10: =IFERROR(ROUND(AVERAGEIFS(问卷数据!$AG:$AG,问卷数据!$E:$E,$A$1,问卷数据!$AG:$AG,">0",问卷数据!$AG:$AG,"<11"),2),"") | C10: =IFERROR(ROUND(AVERAGEIFS(问卷数据!$AH:$AH,问卷数据!$E:$E,$A$1,问卷数据!$AH:$AH,">0",问卷数据!$AH:$AH,"<11"),2),"")
A11: 现场布置与搭建 | B11: =IFERROR(ROUND(AVERAGEIFS(问卷数据!$BC:$BC,问卷数据!$E:$E,$A$1,问卷数据!$BC:$BC,">0",问卷数据!$BC:$BC,"<11"),2),"") | C11: =IFERROR(ROUND(AVERAGEIFS(问卷数据!$BD:$BD,问卷数据!$E:$E,$A$1,问卷数据!$BD:$BD,">0",问卷数据!$BD:$BD,"<11"),2),"")
A12: 茶歇服务与品质 | B12: =IFERROR(ROUND(AVERAGEIFS(问卷数据!$BG:$BG,问卷数据!$E:$E,$A$1,问卷数据!$BG:$BG,">0",问卷数据!$BG:$BG,"<11"),2),"") | C12: =IFERROR(ROUND(AVERAGEIFS(问卷数据!$BH:$BH,问卷数据!$E:$E,$A$1,问卷数据!$BH:$BH,">0",问卷数据!$BH:$BH,"<11"),2),"")
A13: 在线服务渠道便捷 | B13: =IFERROR(ROUND(AVERAGEIFS(问卷数据!$BI:$BI,问卷数据!$E:$E,$A$1,问卷数据!$BI:$BI,">0",问卷数据!$BI:$BI,"<11"),2),"") | C13: =IFERROR(ROUND(AVERAGEIFS(问卷数据!$BJ:$BJ,问卷数据!$E:$E,$A$1,问卷数据!$BJ:$BJ,">0",问卷数据!$BJ:$BJ,"<11"),2),"")
A14: 报馆流程及服务 | B14: =IFERROR(ROUND(AVERAGEIFS(问卷数据!$BA:$BA,问卷数据!$E:$E,$A$1,问卷数据!$BA:$BA,">0",问卷数据!$BA:$BA,"<11"),2),"") | C14: =IFERROR(ROUND(AVERAGEIFS(问卷数据!$BB:$BB,问卷数据!$E:$E,$A$1,问卷数据!$BB:$BB,">0",问卷数据!$BB:$BB,"<11"),2),"")
A15: 工程设施设备 | B15: =IFERROR(ROUND(AVERAGEIFS(问卷数据!$BE:$BE,问卷数据!$E:$E,$A$1,问卷数据!$BE:$BE,">0",问卷数据!$BE:$BE,"<11"),2),"") | C15: =IFERROR(ROUND(AVERAGEIFS(问卷数据!$BF:$BF,问卷数据!$E:$E,$A$1,问卷数据!$BF:$BF,">0",问卷数据!$BF:$BF,"<11"),2),"")
A16: 撤会服务 | B16: =IFERROR(ROUND(AVERAGEIFS(问卷数据!$BO:$BO,问卷数据!$E:$E,$A$1,问卷数据!$BO:$BO,">0",问卷数据!$BO:$BO,"<11"),2),"") | C16: =IFERROR(ROUND(AVERAGEIFS(问卷数据!$BP:$BP,问卷数据!$E:$E,$A$1,问卷数据!$BP:$BP,">0",问卷数据!$BP:$BP,"<11"),2),"")
A17: 会后回访 | B17: =IFERROR(ROUND(AVERAGEIFS(问卷数据!$BQ:$BQ,问卷数据!$E:$E,$A$1,问卷数据!$BQ:$BQ,">0",问卷数据!$BQ:$BQ,"<11"),2),"") | C17: =IFERROR(ROUND(AVERAGEIFS(问卷数据!$BR:$BR,问卷数据!$E:$E,$A$1,问卷数据!$BR:$BR,">0",问卷数据!$BR:$BR,"<11"),2),"")
A18: 整体协调和配合 | B18: =IFERROR(ROUND(AVERAGEIFS(问卷数据!$BM:$BM,问卷数据!$E:$E,$A$1,问卷数据!$BM:$BM,">0",问卷数据!$BM:$BM,"<11"),2),"") | C18: =IFERROR(ROUND(AVERAGEIFS(问卷数据!$BN:$BN,问卷数据!$E:$E,$A$1,问卷数据!$BN:$BN,">0",问卷数据!$BN:$BN,"<11"),2),"")
A19: 服务响应及时性 | B19: =IFERROR(ROUND(AVERAGEIFS(问卷数据!$BK:$BK,问卷数据!$E:$E,$A$1,问卷数据!$BK:$BK,">0",问卷数据!$BK:$BK,"<11"),2),"") | C19: =IFERROR(ROUND(AVERAGEIFS(问卷数据!$BL:$BL,问卷数据!$E:$E,$A$1,问卷数据!$BL:$BL,">0",问卷数据!$BL:$BL,"<11"),2),"")
A20: 硬件设施 | B20: =IFERROR(ROUND(AVERAGE(B21:B28),2),"") | C20: =IFERROR(ROUND(AVERAGE(C21:C28),2),"")
A21: 交通便利，容易到达 | B21: =IFERROR(ROUND(AVERAGEIFS(问卷数据!$O:$O,问卷数据!$E:$E,$A$1,问卷数据!$O:$O,">0",问卷数据!$O:$O,"<11"),2),"") | C21: =IFERROR(ROUND(AVERAGEIFS(问卷数据!$P:$P,问卷数据!$E:$E,$A$1,问卷数据!$P:$P,">0",问卷数据!$P:$P,"<11"),2),"")
A22: 标识标牌清晰 | B22: =IFERROR(ROUND(AVERAGEIFS(问卷数据!$S:$S,问卷数据!$E:$E,$A$1,问卷数据!$S:$S,">0",问卷数据!$S:$S,"<11"),2),"") | C22: =IFERROR(ROUND(AVERAGEIFS(问卷数据!$T:$T,问卷数据!$E:$E,$A$1,问卷数据!$T:$T,">0",问卷数据!$T:$T,"<11"),2),"")
A23: 会议厅室匹配性，方便性 | B23: =IFERROR(ROUND(AVERAGEIFS(问卷数据!$W:$W,问卷数据!$E:$E,$A$1,问卷数据!$W:$W,">0",问卷数据!$W:$W,"<11"),2),"") | C23: =IFERROR(ROUND(AVERAGEIFS(问卷数据!$X:$X,问卷数据!$E:$E,$A$1,问卷数据!$X:$X,">0",问卷数据!$X:$X,"<11"),2),"")
A24: 设施设备齐全 | B24: =IFERROR(ROUND(AVERAGEIFS(问卷数据!$U:$U,问卷数据!$E:$E,$A$1,问卷数据!$U:$U,">0",问卷数据!$U:$U,"<11"),2),"") | C24: =IFERROR(ROUND(AVERAGEIFS(问卷数据!$V:$V,问卷数据!$E:$E,$A$1,问卷数据!$V:$V,">0",问卷数据!$V:$V,"<11"),2),"")
A25: 休息空间 | B25: =IFERROR(ROUND(AVERAGEIFS(问卷数据!$AA:$AA,问卷数据!$E:$E,$A$1,问卷数据!$AA:$AA,">0",问卷数据!$AA:$AA,"<11"),2),"") | C25: =IFERROR(ROUND(AVERAGEIFS(问卷数据!$AB:$AB,问卷数据!$E:$E,$A$1,问卷数据!$AB:$AB,">0",问卷数据!$AB:$AB,"<11"),2),"")
A26: 园区停车方便 | B26: =IFERROR(ROUND(AVERAGEIFS(问卷数据!$Q:$Q,问卷数据!$E:$E,$A$1,问卷数据!$Q:$Q,">0",问卷数据!$Q:$Q,"<11"),2),"") | C26: =IFERROR(ROUND(AVERAGEIFS(问卷数据!$R:$R,问卷数据!$E:$E,$A$1,问卷数据!$R:$R,">0",问卷数据!$R:$R,"<11"),2),"")
A27: AV效果 | B27: =IFERROR(ROUND(AVERAGEIFS(问卷数据!$Y:$Y,问卷数据!$E:$E,$A$1,问卷数据!$Y:$Y,">0",问卷数据!$Y:$Y,"<11"),2),"") | C27: =IFERROR(ROUND(AVERAGEIFS(问卷数据!$Z:$Z,问卷数据!$E:$E,$A$1,问卷数据!$Z:$Z,">0",问卷数据!$Z:$Z,"<11"),2),"")
A28: 交通流线 | B28: =IFERROR(ROUND(AVERAGEIFS(问卷数据!$M:$M,问卷数据!$E:$E,$A$1,问卷数据!$M:$M,">0",问卷数据!$M:$M,"<11"),2),"") | C28: =IFERROR(ROUND(AVERAGEIFS(问卷数据!$N:$N,问卷数据!$E:$E,$A$1,问卷数据!$N:$N,">0",问卷数据!$N:$N,"<11"),2),"")
A29: 配套服务 | B29: =IFERROR(ROUND(AVERAGE(B30:B33),2),"") | C29: =IFERROR(ROUND(AVERAGE(C30:C33),2),"")
A30: 餐饮服务 | B30: =IFERROR(ROUND(AVERAGEIFS(问卷数据!$AK:$AK,问卷数据!$E:$E,$A$1,问卷数据!$AK:$AK,">0",问卷数据!$AK:$AK,"<11"),2),"") | C30: =IFERROR(ROUND(AVERAGEIFS(问卷数据!$AL:$AL,问卷数据!$E:$E,$A$1,问卷数据!$AL:$AL,">0",问卷数据!$AL:$AL,"<11"),2),"")
A31: 客房服务 | B31: =IFERROR(ROUND(AVERAGEIFS(问卷数据!$AM:$AM,问卷数据!$E:$E,$A$1,问卷数据!$AM:$AM,">0",问卷数据!$AM:$AM,"<11"),2),"") | C31: =IFERROR(ROUND(AVERAGEIFS(问卷数据!$AN:$AN,问卷数据!$E:$E,$A$1,问卷数据!$AN:$AN,">0",问卷数据!$AN:$AN,"<11"),2),"")
A32: 安保服务 | B32: =IFERROR(ROUND(AVERAGEIFS(问卷数据!$AQ:$AQ,问卷数据!$E:$E,$A$1,问卷数据!$AQ:$AQ,">0",问卷数据!$AQ:$AQ,"<11"),2),"") | C32: =IFERROR(ROUND(AVERAGEIFS(问卷数据!$AR:$AR,问卷数据!$E:$E,$A$1,问卷数据!$AR:$AR,">0",问卷数据!$AR:$AR,"<11"),2),"")
A33: 保洁服务 | B33: =IFERROR(ROUND(AVERAGEIFS(问卷数据!$AO:$AO,问卷数据!$E:$E,$A$1,问卷数据!$AO:$AO,">0",问卷数据!$AO:$AO,"<11"),2),"") | C33: =IFERROR(ROUND(AVERAGEIFS(问卷数据!$AP:$AP,问卷数据!$E:$E,$A$1,问卷数据!$AP:$AP,">0",问卷数据!$AP:$AP,"<11"),2),"")
A34: 智慧场馆 | B34: =IFERROR(ROUND(AVERAGE(B35:B38),2),"") | C34: =IFERROR(ROUND(AVERAGE(C35:C38),2),"")
A35: 杭州国博APP | B35: =IFERROR(ROUND(AVERAGEIFS(问卷数据!$BV:$BV,问卷数据!$E:$E,$A$1,问卷数据!$BV:$BV,">0",问卷数据!$BV:$BV,"<11"),2),"") | C35: =IFERROR(ROUND(AVERAGEIFS(问卷数据!$BW:$BW,问卷数据!$E:$E,$A$1,问卷数据!$BW:$BW,">0",问卷数据!$BW:$BW,"<11"),2),"")
A36: 室内导航系统 | B36: =IFERROR(ROUND(AVERAGEIFS(问卷数据!$BY:$BY,问卷数据!$E:$E,$A$1,问卷数据!$BY:$BY,">0",问卷数据!$BY:$BY,"<11"),2),"") | C36: =IFERROR(ROUND(AVERAGEIFS(问卷数据!$BZ:$BZ,问卷数据!$E:$E,$A$1,问卷数据!$BZ:$BZ,">0",问卷数据!$BZ:$BZ,"<11"),2),"")
A37: 寻车系统 | B37: =IFERROR(ROUND(AVERAGEIFS(问卷数据!$CB:$CB,问卷数据!$E:$E,$A$1,问卷数据!$CB:$CB,">0",问卷数据!$CB:$CB,"<11"),2),"") | C37: =IFERROR(ROUND(AVERAGEIFS(问卷数据!$CC:$CC,问卷数据!$E:$E,$A$1,问卷数据!$CC:$CC,">0",问卷数据!$CC:$CC,"<11"),2),"")
A38: 云上看馆 | B38: =IFERROR(ROUND(AVERAGEIFS(问卷数据!$CE:$CE,问卷数据!$E:$E,$A$1,问卷数据!$CE:$CE,">0",问卷数据!$CE:$CE,"<11"),2),"") | C38: =IFERROR(ROUND(AVERAGEIFS(问卷数据!$CF:$CF,问卷数据!$E:$E,$A$1,问卷数据!$CF:$CF,">0",问卷数据!$CF:$CF,"<11"),2),"")

Sheet 酒店会议主承办
A1: 酒店会议主承办 | B1: =IFERROR(ROUND(AVERAGE(B3,B20,B29,B34),2),"") | C1: =IFERROR(ROUND(AVERAGE(C3,C20,C29,C34),2),"")
A2: 指标 | B2: 满意度 | C2: 重要性
A3: 会展服务 | B3: =IFERROR(ROUND(AVERAGE(B4:B19),2),"") | C3: =IFERROR(ROUND(AVERAGE(C4:C19),2),"")
A4: 销售经理服务态度 | B4: =IFERROR(ROUND(AVERAGEIFS(问卷数据!$AS:$AS,问卷数据!$E:$E,$A$1,问卷数据!$AS:$AS,">0",问卷数据!$AS:$AS,"<11"),2),"") | C4: =IFERROR(ROUND(AVERAGEIFS(问卷数据!$AT:AT,问卷数据!$E:$E,$A$1,问卷数据!$AT:$AT,">0",问卷数据!$AT:$AT,"<11"),2),"")
A5: 销售经理业务能力 | B5: =IFERROR(ROUND(AVERAGEIFS(问卷数据!$AU:$AU,问卷数据!$E:$E,$A$1,问卷数据!$AU:$AU,">0",问卷数据!$AU:$AU,"<11"),2),"") | C5: =IFERROR(ROUND(AVERAGEIFS(问卷数据!$AV:$AV,问卷数据!$E:$E,$A$1,问卷数据!$AV:$AV,">0",问卷数据!$AV:$AV,"<11"),2),"")
A6: 现场对接协调沟通 | B6: =IFERROR(ROUND(AVERAGEIFS(问卷数据!$AW:$AW,问卷数据!$E:$E,$A$1,问卷数据!$AW:$AW,">0",问卷数据!$AW:$AW,"<11"),2),"") | C6: =IFERROR(ROUND(AVERAGEIFS(问卷数据!$AX:$AX,问卷数据!$E:$E,$A$1,问卷数据!$AX:$AX,">0",问卷数据!$AX:$AX,"<11"),2),"")
A7: 现场对接服务效率 | B7: =IFERROR(ROUND(AVERAGEIFS(问卷数据!$AY:$AY,问卷数据!$E:$E,$A$1,问卷数据!$AY:$AY,">0",问卷数据!$AY:$AY,"<11"),2),"") | C7: =IFERROR(ROUND(AVERAGEIFS(问卷数据!$AZ:$AZ,问卷数据!$E:$E,$A$1,问卷数据!$AZ:$AZ,">0",问卷数据!$AZ:$AZ,"<11"),2),"")
A8: 工作人员仪容仪表 | B8: =IFERROR(ROUND(AVERAGEIFS(问卷数据!$AE:$AE,问卷数据!$E:$E,$A$1,问卷数据!$AE:$AE,">0",问卷数据!$AE:$AE,"<11"),2),"") | C8: =IFERROR(ROUND(AVERAGEIFS(问卷数据!$AF:$AF,问卷数据!$E:$E,$A$1,问卷数据!$AF:$AF,">0",问卷数据!$AF:$AF,"<11"),2),"")
A9: 工作人员服务态度 | B9: =IFERROR(ROUND(AVERAGEIFS(问卷数据!$AI:$AI,问卷数据!$E:$E,$A$1,问卷数据!$AI:$AI,">0",问卷数据!$AI:$AI,"<11"),2),"") | C9: =IFERROR(ROUND(AVERAGEIFS(问卷数据!$AJ:$AJ,问卷数据!$E:$E,$A$1,问卷数据!$AJ:$AJ,">0",问卷数据!$AJ:$AJ,"<11"),2),"")
A10: 工作人员业务技能 | B10: =IFERROR(ROUND(AVERAGEIFS(问卷数据!$AG:$AG,问卷数据!$E:$E,$A$1,问卷数据!$AG:$AG,">0",问卷数据!$AG:$AG,"<11"),2),"") | C10: =IFERROR(ROUND(AVERAGEIFS(问卷数据!$AH:$AH,问卷数据!$E:$E,$A$1,问卷数据!$AH:$AH,">0",问卷数据!$AH:$AH,"<11"),2),"")
A11: 现场布置与搭建 | B11: =IFERROR(ROUND(AVERAGEIFS(问卷数据!$BC:$BC,问卷数据!$E:$E,$A$1,问卷数据!$BC:$BC,">0",问卷数据!$BC:$BC,"<11"),2),"") | C11: =IFERROR(ROUND(AVERAGEIFS(问卷数据!$BD:$BD,问卷数据!$E:$E,$A$1,问卷数据!$BD:$BD,">0",问卷数据!$BD:$BD,"<11"),2),"")
A12: 茶歇服务与品质 | B12: =IFERROR(ROUND(AVERAGEIFS(问卷数据!$BG:$BG,问卷数据!$E:$E,$A$1,问卷数据!$BG:$BG,">0",问卷数据!$BG:$BG,"<11"),2),"") | C12: =IFERROR(ROUND(AVERAGEIFS(问卷数据!$BH:$BH,问卷数据!$E:$E,$A$1,问卷数据!$BH:$BH,">0",问卷数据!$BH:$BH,"<11"),2),"")
A13: 在线服务渠道便捷 | B13: =IFERROR(ROUND(AVERAGEIFS(问卷数据!$BI:$BI,问卷数据!$E:$E,$A$1,问卷数据!$BI:$BI,">0",问卷数据!$BI:$BI,"<11"),2),"") | C13: =IFERROR(ROUND(AVERAGEIFS(问卷数据!$BJ:$BJ,问卷数据!$E:$E,$A$1,问卷数据!$BJ:$BJ,">0",问卷数据!$BJ:$BJ,"<11"),2),"")
A14: 报馆流程及服务 | B14: =IFERROR(ROUND(AVERAGEIFS(问卷数据!$BA:$BA,问卷数据!$E:$E,$A$1,问卷数据!$BA:$BA,">0",问卷数据!$BA:$BA,"<11"),2),"") | C14: =IFERROR(ROUND(AVERAGEIFS(问卷数据!$BB:$BB,问卷数据!$E:$E,$A$1,问卷数据!$BB:$BB,">0",问卷数据!$BB:$BB,"<11"),2),"")
A15: 工程设施设备 | B15: =IFERROR(ROUND(AVERAGEIFS(问卷数据!$BE:$BE,问卷数据!$E:$E,$A$1,问卷数据!$BE:$BE,">0",问卷数据!$BE:$BE,"<11"),2),"") | C15: =IFERROR(ROUND(AVERAGEIFS(问卷数据!$BF:$BF,问卷数据!$E:$E,$A$1,问卷数据!$BF:$BF,">0",问卷数据!$BF:$BF,"<11"),2),"")
A16: 撤会服务 | B16: =IFERROR(ROUND(AVERAGEIFS(问卷数据!$BO:$BO,问卷数据!$E:$E,$A$1,问卷数据!$BO:$BO,">0",问卷数据!$BO:$BO,"<11"),2),"") | C16: =IFERROR(ROUND(AVERAGEIFS(问卷数据!$BP:$BP,问卷数据!$E:$E,$A$1,问卷数据!$BP:$BP,">0",问卷数据!$BP:$BP,"<11"),2),"")
A17: 会后回访 | B17: =IFERROR(ROUND(AVERAGEIFS(问卷数据!$BQ:$BQ,问卷数据!$E:$E,$A$1,问卷数据!$BQ:$BQ,">0",问卷数据!$BQ:$BQ,"<11"),2),"") | C17: =IFERROR(ROUND(AVERAGEIFS(问卷数据!$BR:$BR,问卷数据!$E:$E,$A$1,问卷数据!$BR:$BR,">0",问卷数据!$BR:$BR,"<11"),2),"")
A18: 整体协调和配合 | B18: =IFERROR(ROUND(AVERAGEIFS(问卷数据!$BM:$BM,问卷数据!$E:$E,$A$1,问卷数据!$BM:$BM,">0",问卷数据!$BM:$BM,"<11"),2),"") | C18: =IFERROR(ROUND(AVERAGEIFS(问卷数据!$BN:$BN,问卷数据!$E:$E,$A$1,问卷数据!$BN:$BN,">0",问卷数据!$BN:$BN,"<11"),2),"")
A19: 服务响应及时性 | B19: =IFERROR(ROUND(AVERAGEIFS(问卷数据!$BK:$BK,问卷数据!$E:$E,$A$1,问卷数据!$BK:$BK,">0",问卷数据!$BK:$BK,"<11"),2),"") | C19: =IFERROR(ROUND(AVERAGEIFS(问卷数据!$BL:$BL,问卷数据!$E:$E,$A$1,问卷数据!$BL:$BL,">0",问卷数据!$BL:$BL,"<11"),2),"")
A20: 硬件设施 | B20: =IFERROR(ROUND(AVERAGE(B21:B28),2),"") | C20: =IFERROR(ROUND(AVERAGE(C21:C28),2),"")
A21: 交通便利，容易到达 | B21: =IFERROR(ROUND(AVERAGEIFS(问卷数据!$O:$O,问卷数据!$E:$E,$A$1,问卷数据!$O:$O,">0",问卷数据!$O:$O,"<11"),2),"") | C21: =IFERROR(ROUND(AVERAGEIFS(问卷数据!$P:$P,问卷数据!$E:$E,$A$1,问卷数据!$P:$P,">0",问卷数据!$P:$P,"<11"),2),"")
A22: 标识标牌清晰 | B22: =IFERROR(ROUND(AVERAGEIFS(问卷数据!$S:$S,问卷数据!$E:$E,$A$1,问卷数据!$S:$S,">0",问卷数据!$S:$S,"<11"),2),"") | C22: =IFERROR(ROUND(AVERAGEIFS(问卷数据!$T:$T,问卷数据!$E:$E,$A$1,问卷数据!$T:$T,">0",问卷数据!$T:$T,"<11"),2),"")
A23: 会议厅室匹配性，方便性 | B23: =IFERROR(ROUND(AVERAGEIFS(问卷数据!$W:$W,问卷数据!$E:$E,$A$1,问卷数据!$W:$W,">0",问卷数据!$W:$W,"<11"),2),"") | C23: =IFERROR(ROUND(AVERAGEIFS(问卷数据!$X:$X,问卷数据!$E:$E,$A$1,问卷数据!$X:$X,">0",问卷数据!$X:$X,"<11"),2),"")
A24: 设施设备齐全 | B24: =IFERROR(ROUND(AVERAGEIFS(问卷数据!$U:$U,问卷数据!$E:$E,$A$1,问卷数据!$U:$U,">0",问卷数据!$U:$U,"<11"),2),"") | C24: =IFERROR(ROUND(AVERAGEIFS(问卷数据!$V:$V,问卷数据!$E:$E,$A$1,问卷数据!$V:$V,">0",问卷数据!$V:$V,"<11"),2),"")
A25: 休息空间 | B25: =IFERROR(ROUND(AVERAGEIFS(问卷数据!$AA:$AA,问卷数据!$E:$E,$A$1,问卷数据!$AA:$AA,">0",问卷数据!$AA:$AA,"<11"),2),"") | C25: =IFERROR(ROUND(AVERAGEIFS(问卷数据!$AB:$AB,问卷数据!$E:$E,$A$1,问卷数据!$AB:$AB,">0",问卷数据!$AB:$AB,"<11"),2),"")
A26: 园区停车方便 | B26: =IFERROR(ROUND(AVERAGEIFS(问卷数据!$Q:$Q,问卷数据!$E:$E,$A$1,问卷数据!$Q:$Q,">0",问卷数据!$Q:$Q,"<11"),2),"") | C26: =IFERROR(ROUND(AVERAGEIFS(问卷数据!$R:$R,问卷数据!$E:$E,$A$1,问卷数据!$R:$R,">0",问卷数据!$R:$R,"<11"),2),"")
A27: AV效果 | B27: =IFERROR(ROUND(AVERAGEIFS(问卷数据!$Y:$Y,问卷数据!$E:$E,$A$1,问卷数据!$Y:$Y,">0",问卷数据!$Y:$Y,"<11"),2),"") | C27: =IFERROR(ROUND(AVERAGEIFS(问卷数据!$Z:$Z,问卷数据!$E:$E,$A$1,问卷数据!$Z:$Z,">0",问卷数据!$Z:$Z,"<11"),2),"")
A28: 交通流线 | B28: =IFERROR(ROUND(AVERAGEIFS(问卷数据!$M:$M,问卷数据!$E:$E,$A$1,问卷数据!$M:$M,">0",问卷数据!$M:$M,"<11"),2),"") | C28: =IFERROR(ROUND(AVERAGEIFS(问卷数据!$N:$N,问卷数据!$E:$E,$A$1,问卷数据!$N:$N,">0",问卷数据!$N:$N,"<11"),2),"")
A29: 配套服务 | B29: =IFERROR(ROUND(AVERAGE(B30:B33),2),"") | C29: =IFERROR(ROUND(AVERAGE(C30:C33),2),"")
A30: 餐饮服务 | B30: =IFERROR(ROUND(AVERAGEIFS(问卷数据!$AK:$AK,问卷数据!$E:$E,$A$1,问卷数据!$AK:$AK,">0",问卷数据!$AK:$AK,"<11"),2),"") | C30: =IFERROR(ROUND(AVERAGEIFS(问卷数据!$AL:$AL,问卷数据!$E:$E,$A$1,问卷数据!$AL:$AL,">0",问卷数据!$AL:$AL,"<11"),2),"")
A31: 客房服务 | B31: =IFERROR(ROUND(AVERAGEIFS(问卷数据!$AM:$AM,问卷数据!$E:$E,$A$1,问卷数据!$AM:$AM,">0",问卷数据!$AM:$AM,"<11"),2),"") | C31: =IFERROR(ROUND(AVERAGEIFS(问卷数据!$AN:$AN,问卷数据!$E:$E,$A$1,问卷数据!$AN:$AN,">0",问卷数据!$AN:$AN,"<11"),2),"")
A32: 安保服务 | B32: =IFERROR(ROUND(AVERAGEIFS(问卷数据!$AQ:$AQ,问卷数据!$E:$E,$A$1,问卷数据!$AQ:$AQ,">0",问卷数据!$AQ:$AQ,"<11"),2),"") | C32: =IFERROR(ROUND(AVERAGEIFS(问卷数据!$AR:$AR,问卷数据!$E:$E,$A$1,问卷数据!$AR:$AR,">0",问卷数据!$AR:$AR,"<11"),2),"")
A33: 保洁服务 | B33: =IFERROR(ROUND(AVERAGEIFS(问卷数据!$AO:$AO,问卷数据!$E:$E,$A$1,问卷数据!$AO:$AO,">0",问卷数据!$AO:$AO,"<11"),2),"") | C33: =IFERROR(ROUND(AVERAGEIFS(问卷数据!$AP:$AP,问卷数据!$E:$E,$A$1,问卷数据!$AP:$AP,">0",问卷数据!$AP:$AP,"<11"),2),"")
A34: 智慧场馆 | B34: =IFERROR(ROUND(AVERAGE(B35:B38),2),"") | C34: =IFERROR(ROUND(AVERAGE(C35:C38),2),"")
A35: 杭州国博APP | B35: =IFERROR(ROUND(AVERAGEIFS(问卷数据!$BV:$BV,问卷数据!$E:$E,$A$1,问卷数据!$BV:$BV,">0",问卷数据!$BV:$BV,"<11"),2),"") | C35: =IFERROR(ROUND(AVERAGEIFS(问卷数据!$BW:$BW,问卷数据!$E:$E,$A$1,问卷数据!$BW:$BW,">0",问卷数据!$BW:$BW,"<11"),2),"")
A36: 室内导航系统 | B36: =IFERROR(ROUND(AVERAGEIFS(问卷数据!$BY:$BY,问卷数据!$E:$E,$A$1,问卷数据!$BY:$BY,">0",问卷数据!$BY:$BY,"<11"),2),"") | C36: =IFERROR(ROUND(AVERAGEIFS(问卷数据!$BZ:$BZ,问卷数据!$E:$E,$A$1,问卷数据!$BZ:$BZ,">0",问卷数据!$BZ:$BZ,"<11"),2),"")
A37: 寻车系统 | B37: =IFERROR(ROUND(AVERAGEIFS(问卷数据!$CB:$CB,问卷数据!$E:$E,$A$1,问卷数据!$CB:$CB,">0",问卷数据!$CB:$CB,"<11"),2),"") | C37: =IFERROR(ROUND(AVERAGEIFS(问卷数据!$CC:$CC,问卷数据!$E:$E,$A$1,问卷数据!$CC:$CC,">0",问卷数据!$CC:$CC,"<11"),2),"")
A38: 云上看馆 | B38: =IFERROR(ROUND(AVERAGEIFS(问卷数据!$CE:$CE,问卷数据!$E:$E,$A$1,问卷数据!$CE:$CE,">0",问卷数据!$CE:$CE,"<11"),2),"") | C38: =IFERROR(ROUND(AVERAGEIFS(问卷数据!$CF:$CF,问卷数据!$E:$E,$A$1,问卷数据!$CF:$CF,">0",问卷数据!$CF:$CF,"<11"),2),"")

Sheet 酒店参会客户
A1: 酒店参会客户 | B1: =IFERROR(ROUND(AVERAGE(B3,B9,B18,B23),2),"") | C1: =IFERROR(ROUND(AVERAGE(C3,C9,C18,C23),2),"")
A2: 指标 | B2: 满意度 | C2: 重要性
A3: 会展服务 | B3: =IFERROR(ROUND(AVERAGE(B4:B8),2),"") | C3: =IFERROR(ROUND(AVERAGE(C4:C8),2),"")
A4: 工作人员仪容仪表 | B4: =IFERROR(ROUND(AVERAGEIFS(问卷数据!$AE:$AE,问卷数据!$E:$E,$A$1,问卷数据!$AE:$AE,">0",问卷数据!$AE:$AE,"<11"),2),"") | C4: =IFERROR(ROUND(AVERAGEIFS(问卷数据!$AF:$AF,问卷数据!$E:$E,$A$1,问卷数据!$AF:$AF,">0",问卷数据!$AF:$AF,"<11"),2),"")
A5: 工作人员业务技能 | B5: =IFERROR(ROUND(AVERAGEIFS(问卷数据!$AG:$AG,问卷数据!$E:$E,$A$1,问卷数据!$AG:$AG,">0",问卷数据!$AG:$AG,"<11"),2),"") | C5: =IFERROR(ROUND(AVERAGEIFS(问卷数据!$AH:$AH,问卷数据!$E:$E,$A$1,问卷数据!$AH:$AH,">0",问卷数据!$AH:$AH,"<11"),2),"")
A6: 工作人员服务态度 | B6: =IFERROR(ROUND(AVERAGEIFS(问卷数据!$AI:$AI,问卷数据!$E:$E,$A$1,问卷数据!$AI:$AI,">0",问卷数据!$AI:$AI,"<11"),2),"") | C6: =IFERROR(ROUND(AVERAGEIFS(问卷数据!$AJ:$AJ,问卷数据!$E:$E,$A$1,问卷数据!$AJ:$AJ,">0",问卷数据!$AJ:$AJ,"<11"),2),"")
A7: 接待引导服务 | B7: =IFERROR(ROUND(AVERAGEIFS(问卷数据!$BS:$BS,问卷数据!$E:$E,$A$1,问卷数据!$BS:$BS,">0",问卷数据!$BS:$BS,"<11"),2),"") | C7: =IFERROR(ROUND(AVERAGEIFS(问卷数据!$BT:$BT,问卷数据!$E:$E,$A$1,问卷数据!$BT:$BT,">0",问卷数据!$BT:$BT,"<11"),2),"")
A8: 茶歇服务品质 | B8: =IFERROR(ROUND(AVERAGEIFS(问卷数据!$BG:$BG,问卷数据!$E:$E,$A$1,问卷数据!$BG:$BG,">0",问卷数据!$BG:$BG,"<11"),2),"") | C8: =IFERROR(ROUND(AVERAGEIFS(问卷数据!$BH:$BH,问卷数据!$E:$E,$A$1,问卷数据!$BH:$BH,">0",问卷数据!$BH:$BH,"<11"),2),"")
A9: 硬件设施 | B9: =IFERROR(ROUND(AVERAGE(B10:B17),2),"") | C9: =IFERROR(ROUND(AVERAGE(C10:C17),2),"")
A10: 交通便利，容易到达 | B10: =IFERROR(ROUND(AVERAGEIFS(问卷数据!$O:$O,问卷数据!$E:$E,$A$1,问卷数据!$O:$O,">0",问卷数据!$O:$O,"<11"),2),"") | C10: =IFERROR(ROUND(AVERAGEIFS(问卷数据!$P:$P,问卷数据!$E:$E,$A$1,问卷数据!$P:$P,">0",问卷数据!$P:$P,"<11"),2),"")
A11: 标识标牌清晰 | B11: =IFERROR(ROUND(AVERAGEIFS(问卷数据!$S:$S,问卷数据!$E:$E,$A$1,问卷数据!$S:$S,">0",问卷数据!$S:$S,"<11"),2),"") | C11: =IFERROR(ROUND(AVERAGEIFS(问卷数据!$T:$T,问卷数据!$E:$E,$A$1,问卷数据!$T:$T,">0",问卷数据!$T:$T,"<11"),2),"")
A12: 会议厅室匹配性，方便性 | B12: =IFERROR(ROUND(AVERAGEIFS(问卷数据!$W:$W,问卷数据!$E:$E,$A$1,问卷数据!$W:$W,">0",问卷数据!$W:$W,"<11"),2),"") | C12: =IFERROR(ROUND(AVERAGEIFS(问卷数据!$X:$X,问卷数据!$E:$E,$A$1,问卷数据!$X:$X,">0",问卷数据!$X:$X,"<11"),2),"")
A13: 设施设备齐全 | B13: =IFERROR(ROUND(AVERAGEIFS(问卷数据!$U:$U,问卷数据!$E:$E,$A$1,问卷数据!$U:$U,">0",问卷数据!$U:$U,"<11"),2),"") | C13: =IFERROR(ROUND(AVERAGEIFS(问卷数据!$V:$V,问卷数据!$E:$E,$A$1,问卷数据!$V:$V,">0",问卷数据!$V:$V,"<11"),2),"")
A14: 休息空间 | B14: =IFERROR(ROUND(AVERAGEIFS(问卷数据!$AA:$AA,问卷数据!$E:$E,$A$1,问卷数据!$AA:$AA,">0",问卷数据!$AA:$AA,"<11"),2),"") | C14: =IFERROR(ROUND(AVERAGEIFS(问卷数据!$AB:$AB,问卷数据!$E:$E,$A$1,问卷数据!$AB:$AB,">0",问卷数据!$AB:$AB,"<11"),2),"")
A15: 园区停车方便 | B15: =IFERROR(ROUND(AVERAGEIFS(问卷数据!$Q:$Q,问卷数据!$E:$E,$A$1,问卷数据!$Q:$Q,">0",问卷数据!$Q:$Q,"<11"),2),"") | C15: =IFERROR(ROUND(AVERAGEIFS(问卷数据!$R:$R,问卷数据!$E:$E,$A$1,问卷数据!$R:$R,">0",问卷数据!$R:$R,"<11"),2),"")
A16: AV效果 | B16: =IFERROR(ROUND(AVERAGEIFS(问卷数据!$Y:$Y,问卷数据!$E:$E,$A$1,问卷数据!$Y:$Y,">0",问卷数据!$Y:$Y,"<11"),2),"") | C16: =IFERROR(ROUND(AVERAGEIFS(问卷数据!$Z:$Z,问卷数据!$E:$E,$A$1,问卷数据!$Z:$Z,">0",问卷数据!$Z:$Z,"<11"),2),"")
A17: 参会环境 | B17: =IFERROR(ROUND(AVERAGEIFS(问卷数据!$AC:$AC,问卷数据!$E:$E,$A$1,问卷数据!$AC:$AC,">0",问卷数据!$AC:$AC,"<11"),2),"") | C17: =IFERROR(ROUND(AVERAGEIFS(问卷数据!$AD:$AD,问卷数据!$E:$E,$A$1,问卷数据!$AD:$AD,">0",问卷数据!$AD:$AD,"<11"),2),"")
A18: 配套服务 | B18: =IFERROR(ROUND(AVERAGE(B19:B20,B21:B22),2),"") | C18: =IFERROR(ROUND(AVERAGE(C19:C20,C21:C22),2),"")
A19: 餐饮服务 | B19: =IFERROR(ROUND(AVERAGEIFS(问卷数据!$AK:$AK,问卷数据!$E:$E,$A$1,问卷数据!$AK:$AK,">0",问卷数据!$AK:$AK,"<11"),2),"") | C19: =IFERROR(ROUND(AVERAGEIFS(问卷数据!$AL:$AL,问卷数据!$E:$E,$A$1,问卷数据!$AL:$AL,">0",问卷数据!$AL:$AL,"<11"),2),"")
A20: 客房服务 | B20: =IFERROR(ROUND(AVERAGEIFS(问卷数据!$AM:$AM,问卷数据!$E:$E,$A$1,问卷数据!$AM:$AM,">0",问卷数据!$AM:$AM,"<11"),2),"") | C20: =IFERROR(ROUND(AVERAGEIFS(问卷数据!$AN:$AN,问卷数据!$E:$E,$A$1,问卷数据!$AN:$AN,">0",问卷数据!$AN:$AN,"<11"),2),"")
A21: 安保服务 | B21: =IFERROR(ROUND(AVERAGEIFS(问卷数据!$AQ:$AQ,问卷数据!$E:$E,$A$1,问卷数据!$AQ:$AQ,">0",问卷数据!$AQ:$AQ,"<11"),2),"") | C21: =IFERROR(ROUND(AVERAGEIFS(问卷数据!$AR:$AR,问卷数据!$E:$E,$A$1,问卷数据!$AR:$AR,">0",问卷数据!$AR:$AR,"<11"),2),"")
A22: 保洁服务 | B22: =IFERROR(ROUND(AVERAGEIFS(问卷数据!$AO:$AO,问卷数据!$E:$E,$A$1,问卷数据!$AO:$AO,">0",问卷数据!$AO:$AO,"<11"),2),"") | C22: =IFERROR(ROUND(AVERAGEIFS(问卷数据!$AP:$AP,问卷数据!$E:$E,$A$1,问卷数据!$AP:$AP,">0",问卷数据!$AP:$AP,"<11"),2),"")
A23: 智慧场馆 | B23: =IFERROR(ROUND(AVERAGE(B24:B27),2),"") | C23: =IFERROR(ROUND(AVERAGE(C24:C27),2),"")
A24: 杭州国博APP | B24: =IFERROR(ROUND(AVERAGEIFS(问卷数据!$BV:$BV,问卷数据!$E:$E,$A$1,问卷数据!$BV:$BV,">0",问卷数据!$BV:$BV,"<11"),2),"") | C24: =IFERROR(ROUND(AVERAGEIFS(问卷数据!$BW:$BW,问卷数据!$E:$E,$A$1,问卷数据!$BW:$BW,">0",问卷数据!$BW:$BW,"<11"),2),"")
A25: 室内导航系统 | B25: =IFERROR(ROUND(AVERAGEIFS(问卷数据!$BY:$BY,问卷数据!$E:$E,$A$1,问卷数据!$BY:$BY,">0",问卷数据!$BY:$BY,"<11"),2),"") | C25: =IFERROR(ROUND(AVERAGEIFS(问卷数据!$BZ:$BZ,问卷数据!$E:$E,$A$1,问卷数据!$BZ:$BZ,">0",问卷数据!$BZ:$BZ,"<11"),2),"")
A26: 寻车系统 | B26: =IFERROR(ROUND(AVERAGEIFS(问卷数据!$CB:$CB,问卷数据!$E:$E,$A$1,问卷数据!$CB:$CB,">0",问卷数据!$CB:$CB,"<11"),2),"") | C26: =IFERROR(ROUND(AVERAGEIFS(问卷数据!$CC:$CC,问卷数据!$E:$E,$A$1,问卷数据!$CC:$CC,">0",问卷数据!$CC:$CC,"<11"),2),"")
A27: 云上看馆 | B27: =IFERROR(ROUND(AVERAGEIFS(问卷数据!$CE:$CE,问卷数据!$E:$E,$A$1,问卷数据!$CE:$CE,">0",问卷数据!$CE:$CE,"<11"),2),"") | C27: =IFERROR(ROUND(AVERAGEIFS(问卷数据!$CF:$CF,问卷数据!$E:$E,$A$1,问卷数据!$CF:$CF,">0",问卷数据!$CF:$CF,"<11"),2),"")

Sheet 参会人员
A1: 参会人员 | B1: =IFERROR(ROUND(AVERAGE(B3,B9,B18,B23),2),"") | C1: =IFERROR(ROUND(AVERAGE(C3,C9,C18,C23),2),"")
A2: 指标 | B2: 满意度 | C2: 重要性
A3: 会展服务 | B3: =IFERROR(ROUND(AVERAGE(B4:B8),2),"") | C3: =IFERROR(ROUND(AVERAGE(C4:C8),2),"")
A4: 工作人员仪容仪表 | B4: =IFERROR(ROUND(AVERAGEIFS(问卷数据!AE:AE,问卷数据!$E:$E,$A$1,问卷数据!AE:AE,">0",问卷数据!AE:AE,"<11"),2),"") | C4: =IFERROR(ROUND(AVERAGEIFS(问卷数据!AF:AF,问卷数据!$E:$E,$A$1,问卷数据!AF:AF,">0",问卷数据!AF:AF,"<11"),2),"")
A5: 工作人员业务技能 | B5: =IFERROR(ROUND(AVERAGEIFS(问卷数据!AG:AG,问卷数据!$E:$E,$A$1,问卷数据!AG:AG,">0",问卷数据!AG:AG,"<11"),2),"") | C5: =IFERROR(ROUND(AVERAGEIFS(问卷数据!AH:AH,问卷数据!$E:$E,$A$1,问卷数据!AH:AH,">0",问卷数据!AH:AH,"<11"),2),"")
A6: 工作人员服务态度 | B6: =IFERROR(ROUND(AVERAGEIFS(问卷数据!AI:AI,问卷数据!$E:$E,$A$1,问卷数据!AI:AI,">0",问卷数据!AI:AI,"<11"),2),"") | C6: =IFERROR(ROUND(AVERAGEIFS(问卷数据!AJ:AJ,问卷数据!$E:$E,$A$1,问卷数据!AJ:AJ,">0",问卷数据!AJ:AJ,"<11"),2),"")
A7: 接待引导服务 | B7: =IFERROR(ROUND(AVERAGEIFS(问卷数据!$BS:$BS,问卷数据!$E:$E,$A$1,问卷数据!$BS:$BS,">0",问卷数据!$BS:$BS,"<11"),2),"") | C7: =IFERROR(ROUND(AVERAGEIFS(问卷数据!$BT:$BT,问卷数据!$E:$E,$A$1,问卷数据!$BT:$BT,">0",问卷数据!$BT:$BT,"<11"),2),"")
A8: 茶歇服务品质 | B8: =IFERROR(ROUND(AVERAGEIFS(问卷数据!BG:BG,问卷数据!$E:$E,$A$1,问卷数据!BG:BG,">0",问卷数据!BG:BG,"<11"),2),"") | C8: =IFERROR(ROUND(AVERAGEIFS(问卷数据!BH:BH,问卷数据!$E:$E,$A$1,问卷数据!BH:BH,">0",问卷数据!BH:BH,"<11"),2),"")
A9: 硬件设施 | B9: =IFERROR(ROUND(AVERAGE(B10:B17),2),"") | C9: =IFERROR(ROUND(AVERAGE(C10:C17),2),"")
A10: 交通便利，容易到达 | B10: =IFERROR(ROUND(AVERAGEIFS(问卷数据!O:O,问卷数据!$E:$E,$A$1,问卷数据!O:O,">0",问卷数据!O:O,"<11"),2),"") | C10: =IFERROR(ROUND(AVERAGEIFS(问卷数据!P:P,问卷数据!$E:$E,$A$1,问卷数据!P:P,">0",问卷数据!P:P,"<11"),2),"")
A11: 标识标牌清晰 | B11: =IFERROR(ROUND(AVERAGEIFS(问卷数据!S:S,问卷数据!$E:$E,$A$1,问卷数据!S:S,">0",问卷数据!S:S,"<11"),2),"") | C11: =IFERROR(ROUND(AVERAGEIFS(问卷数据!T:T,问卷数据!$E:$E,$A$1,问卷数据!T:T,">0",问卷数据!T:T,"<11"),2),"")
A12: 会议厅室匹配性，方便性 | B12: =IFERROR(ROUND(AVERAGEIFS(问卷数据!W:W,问卷数据!$E:$E,$A$1,问卷数据!W:W,">0",问卷数据!W:W,"<11"),2),"") | C12: =IFERROR(ROUND(AVERAGEIFS(问卷数据!X:X,问卷数据!$E:$E,$A$1,问卷数据!X:X,">0",问卷数据!X:X,"<11"),2),"")
A13: 设施设备齐全 | B13: =IFERROR(ROUND(AVERAGEIFS(问卷数据!U:U,问卷数据!$E:$E,$A$1,问卷数据!U:U,">0",问卷数据!U:U,"<11"),2),"") | C13: =IFERROR(ROUND(AVERAGEIFS(问卷数据!V:V,问卷数据!$E:$E,$A$1,问卷数据!V:V,">0",问卷数据!V:V,"<11"),2),"")
A14: 休息空间 | B14: =IFERROR(ROUND(AVERAGEIFS(问卷数据!AA:AA,问卷数据!$E:$E,$A$1,问卷数据!AA:AA,">0",问卷数据!AA:AA,"<11"),2),"") | C14: =IFERROR(ROUND(AVERAGEIFS(问卷数据!AB:AB,问卷数据!$E:$E,$A$1,问卷数据!AB:AB,">0",问卷数据!AB:AB,"<11"),2),"")
A15: 园区停车方便 | B15: =IFERROR(ROUND(AVERAGEIFS(问卷数据!Q:Q,问卷数据!$E:$E,$A$1,问卷数据!Q:Q,">0",问卷数据!Q:Q,"<11"),2),"") | C15: =IFERROR(ROUND(AVERAGEIFS(问卷数据!R:R,问卷数据!$E:$E,$A$1,问卷数据!R:R,">0",问卷数据!R:R,"<11"),2),"")
A16: AV效果 | B16: =IFERROR(ROUND(AVERAGEIFS(问卷数据!Y:Y,问卷数据!$E:$E,$A$1,问卷数据!Y:Y,">0",问卷数据!Y:Y,"<11"),2),"") | C16: =IFERROR(ROUND(AVERAGEIFS(问卷数据!Z:Z,问卷数据!$E:$E,$A$1,问卷数据!Z:Z,">0",问卷数据!Z:Z,"<11"),2),"")
A17: 参会环境 | B17: =IFERROR(ROUND(AVERAGEIFS(问卷数据!$AC:$AC,问卷数据!$E:$E,$A$1,问卷数据!$AC:$AC,">0",问卷数据!$AC:$AC,"<11"),2),"") | C17: =IFERROR(ROUND(AVERAGEIFS(问卷数据!$AD:$AD,问卷数据!$E:$E,$A$1,问卷数据!$AD:$AD,">0",问卷数据!$AD:$AD,"<11"),2),"")
A18: 配套服务 | B18: =IFERROR(ROUND(AVERAGE(B19:B22),2),"") | C18: =IFERROR(ROUND(AVERAGE(C19:C22),2),"")
A19: 餐饮服务 | B19: =IFERROR(ROUND(AVERAGEIFS(问卷数据!AK:AK,问卷数据!$E:$E,$A$1,问卷数据!AK:AK,">0",问卷数据!AK:AK,"<11"),2),"") | C19: =IFERROR(ROUND(AVERAGEIFS(问卷数据!AL:AL,问卷数据!$E:$E,$A$1,问卷数据!AL:AL,">0",问卷数据!AL:AL,"<11"),2),"")
A20: 客房服务 | B20: =IFERROR(ROUND(AVERAGEIFS(问卷数据!AM:AM,问卷数据!$E:$E,$A$1,问卷数据!AM:AM,">0",问卷数据!AM:AM,"<11"),2),"") | C20: =IFERROR(ROUND(AVERAGEIFS(问卷数据!AN:AN,问卷数据!$E:$E,$A$1,问卷数据!AN:AN,">0",问卷数据!AN:AN,"<11"),2),"")
A21: 安保服务 | B21: =IFERROR(ROUND(AVERAGEIFS(问卷数据!AQ:AQ,问卷数据!$E:$E,$A$1,问卷数据!AQ:AQ,">0",问卷数据!AQ:AQ,"<11"),2),"") | C21: =IFERROR(ROUND(AVERAGEIFS(问卷数据!AR:AR,问卷数据!$E:$E,$A$1,问卷数据!AR:AR,">0",问卷数据!AR:AR,"<11"),2),"")
A22: 保洁服务 | B22: =IFERROR(ROUND(AVERAGEIFS(问卷数据!AO:AO,问卷数据!$E:$E,$A$1,问卷数据!AO:AO,">0",问卷数据!AO:AO,"<11"),2),"") | C22: =IFERROR(ROUND(AVERAGEIFS(问卷数据!AP:AP,问卷数据!$E:$E,$A$1,问卷数据!AP:AP,">0",问卷数据!AP:AP,"<11"),2),"")
A23: 智慧场馆 | B23: =IFERROR(ROUND(AVERAGE(B24:B27),2),"") | C23: =IFERROR(ROUND(AVERAGE(C24:C27),2),"")
A24: 杭州国博APP | B24: =IFERROR(ROUND(AVERAGEIFS(问卷数据!BV:BV,问卷数据!$E:$E,$A$1,问卷数据!BV:BV,">0",问卷数据!BV:BV,"<11"),2),"") | C24: =IFERROR(ROUND(AVERAGEIFS(问卷数据!BW:BW,问卷数据!$E:$E,$A$1,问卷数据!BW:BW,">0",问卷数据!BW:BW,"<11"),2),"")
A25: 室内导航系统 | B25: =IFERROR(ROUND(AVERAGEIFS(问卷数据!BY:BY,问卷数据!$E:$E,$A$1,问卷数据!BY:BY,">0",问卷数据!BY:BY,"<11"),2),"") | C25: =IFERROR(ROUND(AVERAGEIFS(问卷数据!BZ:BZ,问卷数据!$E:$E,$A$1,问卷数据!BZ:BZ,">0",问卷数据!BZ:BZ,"<11"),2),"")
A26: 寻车系统 | B26: =IFERROR(ROUND(AVERAGEIFS(问卷数据!CB:CB,问卷数据!$E:$E,$A$1,问卷数据!CB:CB,">0",问卷数据!CB:CB,"<11"),2),"") | C26: =IFERROR(ROUND(AVERAGEIFS(问卷数据!CC:CC,问卷数据!$E:$E,$A$1,问卷数据!CC:CC,">0",问卷数据!CC:CC,"<11"),2),"")
A27: 云上看馆 | B27: =IFERROR(ROUND(AVERAGEIFS(问卷数据!CE:CE,问卷数据!$E:$E,$A$1,问卷数据!CE:CE,">0",问卷数据!CE:CE,"<11"),2),"") | C27: =IFERROR(ROUND(AVERAGEIFS(问卷数据!CF:CF,问卷数据!$E:$E,$A$1,问卷数据!CF:CF,">0",问卷数据!CF:CF,"<11"),2),"")
