Workbook

Sheet 问卷数据
A1: 提交序号 | B1: 状态 | C1: Q1-旅游客户身份是 | D1: Q2-第几次带队/游玩 | E1: Q3-您的性别 | F1: Q4-您的年龄 | G1: Q5-客源地 | H1: Q6-请问您从哪里来本景点旅游？ | I1: Q7-您了解景区的途径是_朋友介绍 | J1: Q7-您了解景区的途径是_旅行社宣传 | K1: Q7-您了解景区的途径是_网络（朋友圈、公众号、社交软件等） | L1: Q7-您了解景区的途径是_电视报刊杂志等媒体 | M1: Q7-您了解景区的途径是_其他（请注明） | N1: Q10-请问您对杭州国际博览中心G20峰会体验馆的交通便利性评价？请用1-10分打分。-外部交通便利性，容易到达程度(满意度) | O1: Q10-请问您对杭州国际博览中心G20峰会体验馆的交通便利性评价？请用1-10分打分。-外部交通便利性，容易到达程度(重要性) | P1: Q10-请问您对杭州国际博览中心G20峰会体验馆的交通便利性评价？请用1-10分打分。-内部交通，停车便利(满意度) | Q1: Q10-请问您对杭州国际博览中心G20峰会体验馆的交通便利性评价？请用1-10分打分。-内部交通，停车便利(重要性) | R1: Q11-请问您对杭州国际博览中心G20峰会体验馆标识标牌清晰评价？请用1-10分打分。-标识标牌清晰(满意度) | S1: Q11-请问您对杭州国际博览中心G20峰会体验馆标识标牌清晰评价？请用1-10分打分。-标识标牌清晰(重要性) | T1: Q12-请问您对景点各环节服务评价？请用1-10分打分。-售票服务/销售服务（售票速度、售票渠道多样性）(满意度) | U1: Q12-请问您对景点各环节服务评价？请用1-10分打分。-售票服务/销售服务（售票速度、售票渠道多样性）(重要性) | V1: Q12-请问您对景点各环节服务评价？请用1-10分打分。-景点设施（景点设施吸引力，独特性，景点设施完备及维护）(满意度) | W1: Q12-请问您对景点各环节服务评价？请用1-10分打分。-景点设施（景点设施吸引力，独特性，景点设施完备及维护）(重要性) | X1: Q12-请问您对景点各环节服务评价？请用1-10分打分。-环境卫生（景点的地面、设施、厕所是否保持清洁整洁；是否设置了足够的垃圾桶等）(满意度) | Y1: Q12-请问您对景点各环节服务评价？请用1-10分打分。-环境卫生（景点的地面、设施、厕所是否保持清洁整洁；是否设置了足够的垃圾桶等）(重要性) | Z1: Q12-请问您对景点各环节服务评价？请用1-10分打分。-安全服务（清晰明了的安全提示和规定，景区提供的安全设施和设备等）(满意度) | AA1: Q12-请问您对景点各环节服务评价？请用1-10分打分。-安全服务（清晰明了的安全提示和规定，景区提供的安全设施和设备等）(重要性) | AB1: Q13-请问您对景点工作人员评价？请用1-10分打分。-工作人员仪容仪表(满意度) | AC1: Q13-请问您对景点工作人员评价？请用1-10分打分。-工作人员仪容仪表(重要性) | AD1: Q13-请问您对景点工作人员评价？请用1-10分打分。-工作人员服务态度(满意度) | AE1: Q13-请问您对景点工作人员评价？请用1-10分打分。-工作人员服务态度(重要性) | AF1: Q13-请问您对景点工作人员评价？请用1-10分打分。-讲解人员专业性(满意度) | AG1: Q13-请问您对景点工作人员评价？请用1-10分打分。-讲解人员专业性(重要性) | AH1: Q14-您知道杭州国际博览中心语音导览吗？ | AI1: Q15-请问您对语音导览（语音导览的清晰度、音量控制、讲解内容等）评价？请用1-10分打分。-语音导览(满意度) | AJ1: Q15-请问您对语音导览（语音导览的清晰度、音量控制、讲解内容等）评价？请用1-10分打分。-语音导览(重要性) | AK1: Q16-您知道杭州国际博览中心AR导览评价？请用1-10分打分。 | AL1: Q17-请问您对AR导览（视觉体验、导览内容、实时性、准确性等）评价如何？-AR导览(满意度) | AM1: Q17-请问您对AR导览（视觉体验、导览内容、实时性、准确性等）评价如何？-AR导览(重要性) | AN1: Q18-您知道杭州国际博览中心自助售卖吗？请用1-10分打分。 | AO1: Q19-请问您对自助售卖（自助售卖机内商品的种类、价格，方便性）评价？请用1-10分打分。-自助售卖(满意度) | AP1: Q19-请问您对自助售卖（自助售卖机内商品的种类、价格，方便性）评价？请用1-10分打分。-自助售卖(重要性) | AQ1: Q20-您知道杭州国际博览中心线上商城吗？ | AR1: Q21-请问您对线上商城（界面友好性、搜索功能、下单流程售卖价格、种类及售后服务等）评价？请用1-10分打分。-线上商城(满意度) | AS1: Q21-请问您对线上商城（界面友好性、搜索功能、下单流程售卖价格、种类及售后服务等）评价？请用1-10分打分。-线上商城(重要性) | AT1: Q22-请问您对景点价格和品质的总体满意程度如何？【单选】请用1-10分打分（满分10分）。—满意度 | AU1: Q23-请问您对对景点的总体满意程度如何？(G20峰会体验馆/G20杭州峰会史料展示厅)【单选】 请用1-10分打分（满分10分）。—满意度 | AV1: Q24-请问您是否会选择购买旅游纪念品、伴手礼？ | AW1: Q25-请问您更倾向于购买以下哪种类型的旅游纪念品、伴手礼？【多选题】_办公用品（U盘、签字笔等） | AX1: Q25-请问您更倾向于购买以下哪种类型的旅游纪念品、伴手礼？【多选题】_生活用品（雨伞、马克杯等） | AY1: Q25-请问您更倾向于购买以下哪种类型的旅游纪念品、伴手礼？【多选题】_装饰品（钥匙扣、冰箱贴等） | AZ1: Q25-请问您更倾向于购买以下哪种类型的旅游纪念品、伴手礼？【多选题】_食品（文创雪糕等） | BA1: Q25-请问您更倾向于购买以下哪种类型的旅游纪念品、伴手礼？【多选题】_定制景点特色礼盒 | BB1: Q26-请问您预期的伴手礼价格为 | BC1: Q27- 请问您游览旅游景点时是否会选择讲解服务？【跳转题型】 | BD1: Q28- 请问您更倾向于以下哪种讲解服务？ | BE1: Q29- 请问您更注重讲解语句中的哪方面内容？ | BF1: Q30-请问您觉得此景点是否适合商务旅行？ | BG1: Q31- 请问您是否会选择重游？？ | BH1: Q32-您是否会向其他人推荐该景点？【单选】 | BI1: Q33- 请问您对本景点有什么评价或建议？【开放题】 | BJ1: 扩展字段 | BK1: 用户ID | BL1: 修改用户 | BM1: 提交时间 | BN1: 修改时间 | BO1: 录音 | BP1: 填表时长 | BQ1: 开始填表时间 | BR1: 待审核的任务id | BS1: 上次审核的任务id | BT1: 层级列表 | BU1: 待审核的用户 | BV1: 填表地址 | BW1: 用户名称

Sheet 游客
A1: 游客 | B1: =IFERROR(ROUND(AVERAGE(B3,B11,B15),2),"") | C1: =IFERROR(ROUND(AVERAGE(C3,C11,C15),2),"")
A2: 指标 | B2: 满意度 | C2: 重要性
A3: 旅游服务 | B3: =IFERROR(ROUND(AVERAGE(B4:B10),2),"") | C3: =IFERROR(ROUND(AVERAGE(C4:C10),2),"")
A4: 景点设施 | B4: =IFERROR(ROUND(AVERAGEIFS(问卷数据!$V:$V,问卷数据!$C:$C,$A$1,问卷数据!$V:$V,">0",问卷数据!$V:$V,"<11"),2),"") | C4: =IFERROR(ROUND(AVERAGEIFS(问卷数据!$W:$W,问卷数据!$C:$C,$A$1,问卷数据!$W:$W,">0",问卷数据!$W:$W,"<11"),2),"")
A5: 环境卫生 | B5: =IFERROR(ROUND(AVERAGEIFS(问卷数据!$X:$X,问卷数据!$C:$C,$A$1,问卷数据!$X:$X,">0",问卷数据!$X:$X,"<11"),2),"") | C5: =IFERROR(ROUND(AVERAGEIFS(问卷数据!$Y:$Y,问卷数据!$C:$C,$A$1,问卷数据!$Y:$Y,">0",问卷数据!$Y:$Y,"<11"),2),"")
A6: 工作人员仪容仪表 | B6: =IFERROR(ROUND(AVERAGEIFS(问卷数据!$AB:$AB,问卷数据!$C:$C,$A$1,问卷数据!$AB:$AB,">0",问卷数据!$AB:$AB,"<11"),2),"") | C6: =IFERROR(ROUND(AVERAGEIFS(问卷数据!$AC:$AC,问卷数据!$C:$C,$A$1,问卷数据!$AC:$AC,">0",问卷数据!$AC:$AC,"<11"),2),"")
A7: 工作人员服务态度 | B7: =IFERROR(ROUND(AVERAGEIFS(问卷数据!$AD:$AD,问卷数据!$C:$C,$A$1,问卷数据!$AD:$AD,">0",问卷数据!$AD:$AD,"<11"),2),"") | C7: =IFERROR(ROUND(AVERAGEIFS(问卷数据!$AE:$AE,问卷数据!$C:$C,$A$1,问卷数据!$AE:$AE,">0",问卷数据!$AE:$AE,"<11"),2),"")
A8: 讲解人员专业性 | B8: =IFERROR(ROUND(AVERAGEIFS(问卷数据!$AF:$AF,问卷数据!$C:$C,$A$1,问卷数据!$AF:$AF,">0",问卷数据!$AF:$AF,"<11"),2),"") | C8: =IFERROR(ROUND(AVERAGEIFS(问卷数据!$AG:$AG,问卷数据!$C:$C,$A$1,问卷数据!$AG:$AG,">0",问卷数据!$AG:$AG,"<11"),2),"")
A9: 安全服务 | B9: =IFERROR(ROUND(AVERAGEIFS(问卷数据!$Z:$Z,问卷数据!$C:$C,$A$1,问卷数据!$Z:$Z,">0",问卷数据!$Z:$Z,"<11"),2),"") | C9: =IFERROR(ROUND(AVERAGEIFS(问卷数据!$AA:$AA,问卷数据!$C:$C,$A$1,问卷数据!$AA:$AA,">0",问卷数据!$AA:$AA,"<11"),2),"")
A10: 售票/销售服务 | B10: =IFERROR(ROUND(AVERAGEIFS(问卷数据!$T:$T,问卷数据!$C:$C,$A$1,问卷数据!$T:$T,">0",问卷数据!$T:$T,"<11"),2),"") | C10: =IFERROR(ROUND(AVERAGEIFS(问卷数据!$U:$U,问卷数据!$C:$C,$A$1,问卷数据!$U:$U,">0",问卷数据!$U:$U,"<11"),2),"")
A11: 硬件设施 | B11: =IFERROR(ROUND(AVERAGE(B12:B14),2),"") | C11: =IFERROR(ROUND(AVERAGE(C12:C14),2),"")
A12: 园区停车方便 | B12: =IFERROR(ROUND(AVERAGEIFS(问卷数据!$P:$P,问卷数据!$C:$C,$A$1,问卷数据!$P:$P,">0",问卷数据!$P:$P,"<11"),2),"") | C12: =IFERROR(ROUND(AVERAGEIFS(问卷数据!$Q:$Q,问卷数据!$C:$C,$A$1,问卷数据!$Q:$Q,">0",问卷数据!$Q:$Q,"<11"),2),"")
A13: 交通便利，容易到达 | B13: =IFERROR(ROUND(AVERAGEIFS(问卷数据!$N:$N,问卷数据!$C:$C,$A$1,问卷数据!$N:$N,">0",问卷数据!$N:$N,"<11"),2),"") | C13: =IFERROR(ROUND(AVERAGEIFS(问卷数据!$O:$O,问卷数据!$C:$C,$A$1,问卷数据!$O:$O,">0",问卷数据!$O:$O,"<11"),2),"")
A14: 标识标牌清晰 | B14: =IFERROR(ROUND(AVERAGEIFS(问卷数据!$R:$R,问卷数据!$C:$C,$A$1,问卷数据!$R:$R,">0",问卷数据!$R:$R,"<11"),2),"") | C14: =IFERROR(ROUND(AVERAGEIFS(问卷数据!$S:$S,问卷数据!$C:$C,$A$1,问卷数据!$S:$S,">0",问卷数据!$S:$S,"<11"),2),"")
A15: 智慧服务 | B15: =IFERROR(ROUND(AVERAGE(B16:B19),2),"") | C15: =IFERROR(ROUND(AVERAGE(C16:C19),2),"")
A16: 语音导览 | B16: =IFERROR(ROUND(AVERAGEIFS(问卷数据!$AI:$AI,问卷数据!$C:$C,$A$1,问卷数据!$AI:$AI,">0",问卷数据!$AI:$AI,"<11"),2),"") | C16: =IFERROR(ROUND(AVERAGEIFS(问卷数据!$AJ:$AJ,问卷数据!$C:$C,$A$1,问卷数据!$AJ:$AJ,">0",问卷数据!$AJ:$AJ,"<11"),2),"")
A17: AR导览 | B17: =IFERROR(ROUND(AVERAGEIFS(问卷数据!$AL:$AL,问卷数据!$C:$C,$A$1,问卷数据!$AL:$AL,">0",问卷数据!$AL:$AL,"<11"),2),"") | C17: =IFERROR(ROUND(AVERAGEIFS(问卷数据!$AM:$AM,问卷数据!$C:$C,$A$1,问卷数据!$AM:$AM,">0",问卷数据!$AM:$AM,"<11"),2),"")
A18: 自助售卖 | B18: =IFERROR(ROUND(AVERAGEIFS(问卷数据!$AO:$AO,问卷数据!$C:$C,$A$1,问卷数据!$AO:$AO,">0",问卷数据!$AO:$AO,"<11"),2),"") | C18: =IFERROR(ROUND(AVERAGEIFS(问卷数据!$AP:$AP,问卷数据!$C:$C,$A$1,问卷数据!$AP:$AP,">0",问卷数据!$AP:$AP,"<11"),2),"")
A19: 线上商城 | B19: =IFERROR(ROUND(AVERAGEIFS(问卷数据!$AR:$AR,问卷数据!$C:$C,$A$1,问卷数据!$AR:$AR,">0",问卷数据!$AR:$AR,"<11"),2),"") | C19: =IFERROR(ROUND(AVERAGEIFS(问卷数据!$AS:$AS,问卷数据!$C:$C,$A$1,问卷数据!$AS:$AS,">0",问卷数据!$AS:$AS,"<11"),2),"")

Sheet 旅行社工作人员
A1: 旅行社工作人员 | B1: =IFERROR(ROUND(AVERAGE(B3,B11,B15),2),"") | C1: =IFERROR(ROUND(AVERAGE(C3,C11,C15),2),"")
A2: 指标 | B2: 满意度 | C2: 重要性
A3: 旅游服务 | B3: =IFERROR(ROUND(AVERAGE(B4:B10),2),"") | C3: =IFERROR(ROUND(AVERAGE(C4:C10),2),"")
A4: 景点设施 | B4: =IFERROR(ROUND(AVERAGEIFS(问卷数据!$V:$V,问卷数据!$C:$C,$A$1,问卷数据!$V:$V,">0",问卷数据!$V:$V,"<11"),2),"") | C4: =IFERROR(ROUND(AVERAGEIFS(问卷数据!$W:$W,问卷数据!$C:$C,$A$1,问卷数据!$W:$W,">0",问卷数据!$W:$W,"<11"),2),"")
A5: 环境卫生 | B5: =IFERROR(ROUND(AVERAGEIFS(问卷数据!$X:$X,问卷数据!$C:$C,$A$1,问卷数据!$X:$X,">0",问卷数据!$X:$X,"<11"),2),"") | C5: =IFERROR(ROUND(AVERAGEIFS(问卷数据!$Y:$Y,问卷数据!$C:$C,$A$1,问卷数据!$Y:$Y,">0",问卷数据!$Y:$Y,"<11"),2),"")
A6: 工作人员仪容仪表 | B6: =IFERROR(ROUND(AVERAGEIFS(问卷数据!$AB:$AB,问卷数据!$C:$C,$A$1,问卷数据!$AB:$AB,">0",问卷数据!$AB:$AB,"<11"),2),"") | C6: =IFERROR(ROUND(AVERAGEIFS(问卷数据!$AC:$AC,问卷数据!$C:$C,$A$1,问卷数据!$AC:$AC,">0",问卷数据!$AC:$AC,"<11"),2),"")
A7: 工作人员服务态度 | B7: =IFERROR(ROUND(AVERAGEIFS(问卷数据!$AD:$AD,问卷数据!$C:$C,$A$1,问卷数据!$AD:$AD,">0",问卷数据!$AD:$AD,"<11"),2),"") | C7: =IFERROR(ROUND(AVERAGEIFS(问卷数据!$AE:$AE,问卷数据!$C:$C,$A$1,问卷数据!$AE:$AE,">0",问卷数据!$AE:$AE,"<11"),2),"")
A8: 讲解人员专业性 | B8: =IFERROR(ROUND(AVERAGEIFS(问卷数据!$AF:$AF,问卷数据!$C:$C,$A$1,问卷数据!$AF:$AF,">0",问卷数据!$AF:$AF,"<11"),2),"") | C8: =IFERROR(ROUND(AVERAGEIFS(问卷数据!$AG:$AG,问卷数据!$C:$C,$A$1,问卷数据!$AG:$AG,">0",问卷数据!$AG:$AG,"<11"),2),"")
A9: 安全服务 | B9: =IFERROR(ROUND(AVERAGEIFS(问卷数据!$Z:$Z,问卷数据!$C:$C,$A$1,问卷数据!$Z:$Z,">0",问卷数据!$Z:$Z,"<11"),2),"") | C9: =IFERROR(ROUND(AVERAGEIFS(问卷数据!$AA:$AA,问卷数据!$C:$C,$A$1,问卷数据!$AA:$AA,">0",问卷数据!$AA:$AA,"<11"),2),"")
A10: 售票/销售服务 | B10: =IFERROR(ROUND(AVERAGEIFS(问卷数据!$T:$T,问卷数据!$C:$C,$A$1,问卷数据!$T:$T,">0",问卷数据!$T:$T,"<11"),2),"") | C10: =IFERROR(ROUND(AVERAGEIFS(问卷数据!$U:$U,问卷数据!$C:$C,$A$1,问卷数据!$U:$U,">0",问卷数据!$U:$U,"<11"),2),"")
A11: 硬件设施 | B11: =IFERROR(ROUND(AVERAGE(B12:B14),2),"") | C11: =IFERROR(ROUND(AVERAGE(C12:C14),2),"")
A12: 园区停车方便 | B12: =IFERROR(ROUND(AVERAGEIFS(问卷数据!$P:$P,问卷数据!$C:$C,$A$1,问卷数据!$P:$P,">0",问卷数据!$P:$P,"<11"),2),"") | C12: =IFERROR(ROUND(AVERAGEIFS(问卷数据!$Q:$Q,问卷数据!$C:$C,$A$1,问卷数据!$Q:$Q,">0",问卷数据!$Q:$Q,"<11"),2),"")
A13: 交通便利，容易到达 | B13: =IFERROR(ROUND(AVERAGEIFS(问卷数据!$N:$N,问卷数据!$C:$C,$A$1,问卷数据!$N:$N,">0",问卷数据!$N:$N,"<11"),2),"") | C13: =IFERROR(ROUND(AVERAGEIFS(问卷数据!$O:$O,问卷数据!$C:$C,$A$1,问卷数据!$O:$O,">0",问卷数据!$O:$O,"<11"),2),"")
A14: 标识标牌清晰 | B14: =IFERROR(ROUND(AVERAGEIFS(问卷数据!$R:$R,问卷数据!$C:$C,$A$1,问卷数据!$R:$R,">0",问卷数据!$R:$R,"<11"),2),"") | C14: =IFERROR(ROUND(AVERAGEIFS(问卷数据!$S:$S,问卷数据!$C:$C,$A$1,问卷数据!$S:$S,">0",问卷数据!$S:$S,"<11"),2),"")
A15: 智慧服务 | B15: =IFERROR(ROUND(AVERAGE(B16:B19),2),"") | C15: =IFERROR(ROUND(AVERAGE(C16:C19),2),"")
A16: 语音导览 | B16: =IFERROR(ROUND(AVERAGEIFS(问卷数据!$AI:$AI,问卷数据!$C:$C,$A$1,问卷数据!$AI:$AI,">0",问卷数据!$AI:$AI,"<11"),2),"") | C16: =IFERROR(ROUND(AVERAGEIFS(问卷数据!$AJ:$AJ,问卷数据!$C:$C,$A$1,问卷数据!$AJ:$AJ,">0",问卷数据!$AJ:$AJ,"<11"),2),"")
A17: AR导览 | B17: =IFERROR(ROUND(AVERAGEIFS(问卷数据!$AL:$AL,问卷数据!$C:$C,$A$1,问卷数据!$AL:$AL,">0",问卷数据!$AL:$AL,"<11"),2),"") | C17: =IFERROR(ROUND(AVERAGEIFS(问卷数据!$AM:$AM,问卷数据!$C:$C,$A$1,问卷数据!$AM:$AM,">0",问卷数据!$AM:$AM,"<11"),2),"")
A18: 自助售卖 | B18: =IFERROR(ROUND(AVERAGEIFS(问卷数据!$AO:$AO,问卷数据!$C:$C,$A$1,问卷数据!$AO:$AO,">0",问卷数据!$AO:$AO,"<11"),2),"") | C18: =IFERROR(ROUND(AVERAGEIFS(问卷数据!$AP:$AP,问卷数据!$C:$C,$A$1,问卷数据!$AP:$AP,">0",问卷数据!$AP:$AP,"<11"),2),"")
A19: 线上商城 | B19: =IFERROR(ROUND(AVERAGEIFS(问卷数据!$AR:$AR,问卷数据!$C:$C,$A$1,问卷数据!$AR:$AR,">0",问卷数据!$AR:$AR,"<11"),2),"") | C19: =IFERROR(ROUND(AVERAGEIFS(问卷数据!$AS:$AS,问卷数据!$C:$C,$A$1,问卷数据!$AS:$AS,">0",问卷数据!$AS:$AS,"<11"),2),"")
