Workbook

Sheet 满意度
C3: 杭博客户类型满意度情况表
C4: 样本类型 | E4: 总分 | F4: 产品服务 | G4: 硬件设施 | H4: 配套服务 | I4: 智慧场馆/服务 | J4: 餐饮服务
C5: 一、会展客户 | D5: 展览活动主（承）办 | E5: =[1]展览主承办!$C$3 | F5: =[1]展览主承办!$C$5 | G5: =[1]展览主承办!$C$21 | H5: =[1]展览主承办!$C$29 | I5: =[1]展览主承办!$C$34 | J5: =[1]展览主承办!$C$30
D6: 参展商 | E6: =[1]参展商!$C$3 | F6: =[1]参展商!$C$5 | G6: =[1]参展商!$C$11 | H6: =[1]参展商!$C$18 | I6: =[1]参展商!$C$23 | J6: =[1]参展商!$C$19
D7: 专业观众 | E7: =[1]专业观众!$C$3 | F7: =[1]专业观众!$C$5 | G7: =[1]专业观众!$C$10 | H7: =[1]专业观众!$C$18 | I7: =[1]专业观众!$C$23 | J7: =[1]专业观众!$C$19
D8: 会展服务商 | E8: =[2]会展服务商!$C$3 | F8: =[2]会展服务商!$C$5 | G8: =[2]会展服务商!$C$19 | H8: =[2]会展服务商!$C$28 | I8: =[2]会展服务商!$C$33 | J8: =[2]会展服务商!$C$29
D9: 会议活动主（承）办 | E9: ='[3]参会 会议主承办 酒店会议主承办'!$L$4 | F9: ='[3]参会 会议主承办 酒店会议主承办'!$L$6 | G9: ='[3]参会 会议主承办 酒店会议主承办'!$L$23 | H9: ='[3]参会 会议主承办 酒店会议主承办'!$L$32 | I9: ='[3]参会 会议主承办 酒店会议主承办'!$L$37 | J9: ='[3]参会 会议主承办 酒店会议主承办'!$L$33
D10: 参会客户 | E10: ='[3]参会 会议主承办 酒店会议主承办'!$D$4 | F10: ='[3]参会 会议主承办 酒店会议主承办'!$D$6 | G10: ='[3]参会 会议主承办 酒店会议主承办'!$D$12 | H10: ='[3]参会 会议主承办 酒店会议主承办'!$D$21 | I10: ='[3]参会 会议主承办 酒店会议主承办'!$D$26 | J10: ='[3]参会 会议主承办 酒店会议主承办'!$D$22
C11: 二、餐饮客户 | D11: 商务简餐 | E11: =[4]商务简餐!$D$3 | G11: =[4]商务简餐!$D$13 | I11: =[4]商务简餐!$D$17 | J11: =[4]商务简餐!$D$5
D12: 特色美食廊 | E12: =[4]特色美食廊!$C$5 | G12: =[4]特色美食廊!$C$15 | I12: =[4]特色美食廊!$C$19 | J12: =[4]特色美食廊!$C$7
D13: 宴会 | E13: =[4]宴会!$D$3 | G13: =[4]宴会!$D$15 | I13: =[4]宴会!$D$20 | J13: =[4]宴会!$D$5
D14: 婚宴 | E14: =[4]婚宴!$D$4 | G14: =[4]婚宴!$D$18 | I14: =[4]婚宴!$D$23 | J14: =[4]婚宴!$D$6
D15: 自助餐 | E15: =[4]自助餐!$D$3 | G15: =[4]自助餐!$D$14 | I15: =[4]自助餐!$D$18 | J15: =[4]自助餐!$D$5
C16: 三、G20峰会体验馆 | D16: 旅行社工作人员 | E16: =[5]散客及旅行社工作人员!$K$2 | F16: =[5]散客及旅行社工作人员!$K$4 | G16: =[5]散客及旅行社工作人员!$K$12 | I16: =[5]散客及旅行社工作人员!$K$16
D17: 游客 | E17: =[5]散客及旅行社工作人员!$D$2 | F17: =[5]散客及旅行社工作人员!$D$4 | G17: =[5]散客及旅行社工作人员!$D$12 | I17: =[5]散客及旅行社工作人员!$D$16
C18: 四、专项调研
C19: 五、酒店客户 | D19: 散客 | E19: ='[6]酒店散客 住宿团队'!$C$3 | F19: ='[6]酒店散客 住宿团队'!$C$14 | G19: ='[6]酒店散客 住宿团队'!$C$5 | I19: ='[6]酒店散客 住宿团队'!$C$27 | J19: ='[6]酒店散客 住宿团队'!$C$22
D20: 住宿团队 | E20: ='[6]酒店散客 住宿团队'!$L$3 | F20: ='[6]酒店散客 住宿团队'!$L$14 | G20: ='[6]酒店散客 住宿团队'!$L$5 | I20: ='[6]酒店散客 住宿团队'!$L$27 | J20: ='[6]酒店散客 住宿团队'!$L$22
D21: 酒店会议活动主（承）办 | E21: ='[3]参会 会议主承办 酒店会议主承办'!$R$4 | F21: ='[3]参会 会议主承办 酒店会议主承办'!$R$6 | G21: ='[3]参会 会议主承办 酒店会议主承办'!$R$23 | H21: ='[3]参会 会议主承办 酒店会议主承办'!$R$32 | I21: ='[3]参会 会议主承办 酒店会议主承办'!$R$37 | J21: ='[3]参会 会议主承办 酒店会议主承办'!$R$33
D22: 酒店参会客户 | E22: ='[3]参会 会议主承办 酒店会议主承办'!$W$4 | F22: ='[3]参会 会议主承办 酒店会议主承办'!$W$6 | G22: ='[3]参会 会议主承办 酒店会议主承办'!$W$12 | H22: ='[3]参会 会议主承办 酒店会议主承办'!$W$21 | I22: ='[3]参会 会议主承办 酒店会议主承办'!$W$26 | J22: ='[3]参会 会议主承办 酒店会议主承办'!$W$22
D23: 餐饮客户 | E23: =[4]酒店自助餐!$J$30 | G23: =[4]酒店自助餐!$K$28 | I23: =[4]酒店自助餐!$L$28 | J23: =[4]酒店自助餐!$J$28
C24: 总分 | E24: =IFERROR(ROUND(AVERAGE(E5:E23),2),"") | F24: =IFERROR(ROUND(AVERAGE(F5:F22),2),"") | G24: =IFERROR(ROUND(AVERAGE(G5:G22),2),"") | H24: =IFERROR(ROUND(AVERAGE(H5:H22),2),"") | I24: =IFERROR(ROUND(AVERAGE(I5:I22),2),"") | J24: =IFERROR(ROUND(AVERAGE(J5:J22,J20:J20),2),"")
C25: 备注：展览主承办、(酒店）会议主办、会展服务商、参展商、专业观众、（酒店）参会人员的餐饮服务为二级指标，其余为一级指标；餐饮客户类型无产品服务与配套服务；酒店住宿客户及旅游客户无配套服务。

Sheet 重要性
C3: 杭博客户类型重要性情况表
C4: 样本类型 | E4: 总分 | F4: 产品服务 | G4: 硬件设施 | H4: 配套服务 | I4: 智慧场馆/服务 | J4: 餐饮服务
C5: 一、会展客户 | D5: 展览活动主（承）办 | E5: =[1]展览主承办!$D$3 | F5: =[1]展览主承办!$D$5 | G5: =[1]展览主承办!$D$21 | H5: =[1]展览主承办!$D$29 | I5: =[1]展览主承办!$D$34 | J5: =[1]展览主承办!$D$30
D6: 参展商 | E6: =[1]参展商!$D$3 | F6: =[1]参展商!$D$5 | G6: =[1]参展商!$D$11 | H6: =[1]参展商!$D$18 | I6: =[1]参展商!$D$23 | J6: =[1]参展商!$D$19
D7: 专业观众 | E7: =[1]专业观众!$D$3 | F7: =[1]专业观众!$D$5 | G7: =[1]专业观众!$D$10 | H7: =[1]专业观众!$D$18 | I7: =[1]专业观众!$D$23 | J7: =[1]专业观众!$D$19
D8: 会展服务商 | E8: =[2]会展服务商!$D$3 | F8: =[2]会展服务商!$D$5 | G8: =[2]会展服务商!$D$19 | H8: =[2]会展服务商!$D$28 | I8: =[2]会展服务商!$D$33 | J8: =[2]会展服务商!$D$29
D9: 会议活动主（承）办 | E9: ='[3]参会 会议主承办 酒店会议主承办'!$M$4 | F9: ='[3]参会 会议主承办 酒店会议主承办'!$M$6 | G9: ='[3]参会 会议主承办 酒店会议主承办'!$M$23 | H9: ='[3]参会 会议主承办 酒店会议主承办'!$M$32 | I9: ='[3]参会 会议主承办 酒店会议主承办'!$M$37 | J9: ='[3]参会 会议主承办 酒店会议主承办'!$M$33
D10: 参会客户 | E10: ='[3]参会 会议主承办 酒店会议主承办'!$E$4 | F10: ='[3]参会 会议主承办 酒店会议主承办'!$E$6 | G10: ='[3]参会 会议主承办 酒店会议主承办'!$E$12 | H10: ='[3]参会 会议主承办 酒店会议主承办'!$E$21 | I10: ='[3]参会 会议主承办 酒店会议主承办'!$E$26 | J10: ='[3]参会 会议主承办 酒店会议主承办'!$E$22
C11: 二、餐饮客户 | D11: 商务简餐 | E11: =[4]商务简餐!$E$3 | G11: =[4]商务简餐!$E$13 | I11: =[4]商务简餐!$E$17 | J11: =[4]商务简餐!$E$5
D12: 特色美食廊 | E12: =[4]特色美食廊!$D$5 | G12: =[4]特色美食廊!$D$15 | I12: =[4]特色美食廊!$D$19 | J12: =[4]特色美食廊!$D$7
D13: 宴会 | E13: =[4]宴会!$E$3 | G13: =[4]宴会!$E$15 | I13: =[4]宴会!$E$20 | J13: =[4]宴会!$E$5
D14: 婚宴 | E14: =[4]婚宴!$E$4 | G14: =[4]婚宴!$E$18 | I14: =[4]婚宴!$E$23 | J14: =[4]婚宴!$E$6
D15: 自助餐 | E15: =[4]自助餐!$E$3 | G15: =[4]自助餐!$E$14 | I15: =[4]自助餐!$E$18 | J15: =[4]自助餐!$E$5
C16: 三、G20峰会体验馆 | D16: 旅行社工作人员 | E16: =[5]散客及旅行社工作人员!$L$2 | F16: =[5]散客及旅行社工作人员!$L$4 | G16: =[5]散客及旅行社工作人员!$L$12 | I16: =[5]散客及旅行社工作人员!$L$16
D17: 游客 | E17: =[5]散客及旅行社工作人员!$E$2 | F17: =[5]散客及旅行社工作人员!$E$4 | G17: =[5]散客及旅行社工作人员!$E$12 | I17: =[5]散客及旅行社工作人员!$E$16
C18: 四、专项调研
C19: 五、酒店客户 | D19: 散客 | E19: ='[6]酒店散客 住宿团队'!$D$3 | F19: ='[6]酒店散客 住宿团队'!$D$14 | G19: ='[6]酒店散客 住宿团队'!$D$5 | I19: ='[6]酒店散客 住宿团队'!$D$27 | J19: ='[6]酒店散客 住宿团队'!$D$22
D20: 住宿团队 | E20: ='[6]酒店散客 住宿团队'!$M$3 | F20: ='[6]酒店散客 住宿团队'!$M$14 | G20: ='[6]酒店散客 住宿团队'!$M$5 | I20: ='[6]酒店散客 住宿团队'!$M$27 | J20: ='[6]酒店散客 住宿团队'!$M$22
D21: 酒店会议活动主（承）办 | E21: ='[3]参会 会议主承办 酒店会议主承办'!$S$4 | F21: ='[3]参会 会议主承办 酒店会议主承办'!$S$6 | G21: ='[3]参会 会议主承办 酒店会议主承办'!$S$23 | H21: ='[3]参会 会议主承办 酒店会议主承办'!$S$32 | I21: ='[3]参会 会议主承办 酒店会议主承办'!$S$37 | J21: ='[3]参会 会议主承办 酒店会议主承办'!$S$33
D22: 酒店参会客户 | E22: ='[3]参会 会议主承办 酒店会议主承办'!$X$4 | F22: ='[3]参会 会议主承办 酒店会议主承办'!$X$6 | G22: ='[3]参会 会议主承办 酒店会议主承办'!$X$12 | H22: ='[3]参会 会议主承办 酒店会议主承办'!$X$21 | I22: ='[3]参会 会议主承办 酒店会议主承办'!$X$26 | J22: ='[3]参会 会议主承办 酒店会议主承办'!$X$22
D23: 餐饮客户 | E23: =[4]酒店自助餐!$K$30 | G23: =[4]酒店自助餐!$L$28 | I23: =[4]酒店自助餐!$M$28 -> 0 | J23: =[4]酒店自助餐!$K$28
C24: 总分 | E24: =IFERROR(ROUND(AVERAGE(E5:E23),2),"") | F24: =IFERROR(ROUND(AVERAGE(F5:F22),2),"") | G24: =IFERROR(ROUND(AVERAGE(G5:G22),2),"") | H24: =IFERROR(ROUND(AVERAGE(H5:H22),2),"") | I24: =IFERROR(ROUND(AVERAGE(I5:I22),2),"") | J24: =IFERROR(ROUND(AVERAGE(J5:J22,J20:J20),2),"")
C25: 备注：展览主承办、(酒店）会议主办、会展服务商、参展商、专业观众、（酒店）参会人员的餐饮服务为二级指标，其余为一级指标；餐饮客户类型无产品服务与配套服务；酒店住宿客户及旅游客户无配套服务。
