Workbook

Sheet 问卷数据
A1: 提交序号 | B1: 状态 | C1: Q2-酒店客户身份 | D1: Q3-第几次入住北辰大酒店 | E1: Q4-您的性别 | F1: Q5-您的年龄 | G1: Q8-请问您对杭州国际博览中心北辰大酒店的交通便利性评价？请用1-10分打分。-外部交通便利，容易到达(满意度) | H1: Q8-请问您对杭州国际博览中心北辰大酒店的交通便利性评价？请用1-10分打分。-外部交通便利，容易到达(重要性) | I1: Q8-请问您对杭州国际博览中心北辰大酒店的交通便利性评价？请用1-10分打分。-内部交通，停车便利(满意度) | J1: Q8-请问您对杭州国际博览中心北辰大酒店的交通便利性评价？请用1-10分打分。-内部交通，停车便利(重要性) | K1: Q9-请问您对杭州国际博览中心北辰大酒店标识标牌清晰评价？请用1-10分打分。-标识标牌清晰(满意度) | L1: Q9-请问您对杭州国际博览中心北辰大酒店标识标牌清晰评价？请用1-10分打分。-标识标牌清晰(重要性) | M1: Q10-请问您对北辰大酒店适合商务旅行（提供便利高效的商务服务，包括完善的会议设施、快速稳定的无线网络、舒适的客房办公区域）评价？请用1-10分打分。-商务旅行服务(满意度) | N1: Q10-请问您对北辰大酒店适合商务旅行（提供便利高效的商务服务，包括完善的会议设施、快速稳定的无线网络、舒适的客房办公区域）评价？请用1-10分打分。-商务旅行服务(重要性) | O1: Q11-请问您对北辰大酒店客房情况评价？请用1-10分打分。-客房整体环境（装修，卫生）(满意度) | P1: Q11-请问您对北辰大酒店客房情况评价？请用1-10分打分。-客房整体环境（装修，卫生）(重要性) | Q1: Q11-请问您对北辰大酒店客房情况评价？请用1-10分打分。-客房设施设备（空调、热水、无线、电视、电话等）(满意度) | R1: Q11-请问您对北辰大酒店客房情况评价？请用1-10分打分。-客房设施设备（空调、热水、无线、电视、电话等）(重要性) | S1: Q11-请问您对北辰大酒店客房情况评价？请用1-10分打分。-客房住宿用品质量（酒店用品、床铺）(满意度) | T1: Q11-请问您对北辰大酒店客房情况评价？请用1-10分打分。-客房住宿用品质量（酒店用品、床铺）(重要性) | U1: Q11-请问您对北辰大酒店客房情况评价？请用1-10分打分。-客房私密性（隔音、门禁等）(满意度) | V1: Q11-请问您对北辰大酒店客房情况评价？请用1-10分打分。-客房私密性（隔音、门禁等）(重要性) | W1: Q12-请问您对北辰大酒店服务流程评价？请用1-10分打分。（未使用则选不涉及）-礼宾服务（迎宾、接待指引等）(满意度) | X1: Q12-请问您对北辰大酒店服务流程评价？请用1-10分打分。（未使用则选不涉及）-礼宾服务（迎宾、接待指引等）(重要性) | Y1: Q12-请问您对北辰大酒店服务流程评价？请用1-10分打分。（未使用则选不涉及）-入住登记服务(满意度) | Z1: Q12-请问您对北辰大酒店服务流程评价？请用1-10分打分。（未使用则选不涉及）-入住登记服务(重要性) | AA1: Q12-请问您对北辰大酒店服务流程评价？请用1-10分打分。（未使用则选不涉及）-客房服务（寄存、叫醒服务等）(满意度) | AB1: Q12-请问您对北辰大酒店服务流程评价？请用1-10分打分。（未使用则选不涉及）-客房服务（寄存、叫醒服务等）(重要性) | AC1: Q12-请问您对北辰大酒店服务流程评价？请用1-10分打分。（未使用则选不涉及）-离店退房服务(满意度) | AD1: Q12-请问您对北辰大酒店服务流程评价？请用1-10分打分。（未使用则选不涉及）-离店退房服务(重要性) | AE1: Q13-请问您对杭州国际博览中心北辰大酒店工作人员评价？请用1-10分打分。-工作人员业务技能(满意度) | AF1: Q13-请问您对杭州国际博览中心北辰大酒店工作人员评价？请用1-10分打分。-工作人员业务技能(重要性) | AG1: Q13-请问您对杭州国际博览中心北辰大酒店工作人员评价？请用1-10分打分。-工作人员服务态度(满意度) | AH1: Q13-请问您对杭州国际博览中心北辰大酒店工作人员评价？请用1-10分打分。-工作人员服务态度(重要性) | AI1: Q13-请问您对杭州国际博览中心北辰大酒店工作人员评价？请用1-10分打分。-工作人员仪容仪表(满意度) | AJ1: Q13-请问您对杭州国际博览中心北辰大酒店工作人员评价？请用1-10分打分。-工作人员仪容仪表(重要性) | AK1: Q14-请问您对北辰大酒店餐饮服务评价？请用1-10分打分。（未使用则选不涉及）-自助早餐（自助早餐种类、质量等服务）(满意度) | AL1: Q14-请问您对北辰大酒店餐饮服务评价？请用1-10分打分。（未使用则选不涉及）-自助早餐（自助早餐种类、质量等服务）(重要性) | AM1: Q14-请问您对北辰大酒店餐饮服务评价？请用1-10分打分。（未使用则选不涉及）-自助晚餐（自助晚餐种类、质量等服务）(满意度) | AN1: Q14-请问您对北辰大酒店餐饮服务评价？请用1-10分打分。（未使用则选不涉及）-自助晚餐（自助晚餐种类、质量等服务）(重要性) | AO1: Q14-请问您对北辰大酒店餐饮服务评价？请用1-10分打分。（未使用则选不涉及）-送餐服务（送餐服务周到、迅速）(满意度) | AP1: Q14-请问您对北辰大酒店餐饮服务评价？请用1-10分打分。（未使用则选不涉及）-送餐服务（送餐服务周到、迅速）(重要性) | AQ1: Q14-请问您对北辰大酒店餐饮服务评价？请用1-10分打分。（未使用则选不涉及）-零点服务（快速响应、食品质量、菜单选择、服务态度）(满意度) | AR1: Q14-请问您对北辰大酒店餐饮服务评价？请用1-10分打分。（未使用则选不涉及）-零点服务（快速响应、食品质量、菜单选择、服务态度）(重要性) | AS1: Q15-您知道杭州国际博览中心杭州国博APP吗？ | AT1: Q16-请问您对杭州国际博览中心杭州国博APP评价评价？请用1-10分打分。-杭州国博APP(满意度) | AU1: Q16-请问您对杭州国际博览中心杭州国博APP评价评价？请用1-10分打分。-杭州国博APP(重要性) | AV1: Q17-您知道杭州国际博览中心室内导航系统评价？请用1-10分打分。 | AW1: Q18-请问您对杭州国际博览中心室内导航系统评价如何？-室内导航系统(满意度) | AX1: Q18-请问您对杭州国际博览中心室内导航系统评价如何？-室内导航系统(重要性) | AY1: Q19-您知道杭州国际博览中心寻车系统评价？请用1-10分打分。 | AZ1: Q20-请问您对杭州国际博览中心寻车系统评价？请用1-10分打分。-寻车系统(满意度) | BA1: Q20-请问您对杭州国际博览中心寻车系统评价？请用1-10分打分。-寻车系统(重要性) | BB1: Q21-您知道杭州国际博览中心云上看馆吗？ | BC1: Q22-请问您对杭州国际博览中心云上看馆评价？请用1-10分打分。-云上看馆(满意度) | BD1: Q22-请问您对杭州国际博览中心云上看馆评价？请用1-10分打分。-云上看馆(重要性) | BE1: Q23- 请问您对酒店客房价格和品质的满意程度如何？【单选】 请用1-10分打分。 | BF1: Q24-请问您对本次入住服务的总体满意程度如何？【单选】 请用1-10分打分。—满意度 | BG1: Q25-本次入住服务是否有达到您的预期？ | BH1: Q26-您是否会再次选择入住这家酒店？【单选】 | BI1: Q27-您是否会向其他人推荐这家酒店？【单选】 | BJ1: Q28- 请问您对酒店的评价或建议？【开放题】 | BK1: 扩展字段 | BL1: 用户ID | BM1: 修改用户 | BN1: 提交时间 | BO1: 修改时间 | BP1: 录音 | BQ1: 填表时长 | BR1: 开始填表时间 | BS1: 待审核的任务id | BT1: 上次审核的任务id | BU1: 层级列表 | BV1: 待审核的用户 | BW1: 填表地址 | BX1: 用户名称

Sheet 散客
A1: 散客 | B1: =IFERROR(ROUND(AVERAGE(B3,B12,B20,B25),2),"") | C1: =IFERROR(ROUND(AVERAGE(C3,C12,C20,C25),2),"")
A2: 指标 | B2: 满意度 | C2: 重要性
A3: 硬件设施 | B3: =IFERROR(ROUND(AVERAGE(B4:B11),2),"") | C3: =IFERROR(ROUND(AVERAGE(C4:C11),2),"")
A4: 交通便利，容易到达 | B4: =IFERROR(ROUND(AVERAGEIFS(问卷数据!$G:$G,问卷数据!$C:$C,$A$1,问卷数据!$G:$G,">0",问卷数据!$G:$G,"<11"),2),"") | C4: =IFERROR(ROUND(AVERAGEIFS(问卷数据!$H:$H,问卷数据!$C:$C,$A$1,问卷数据!$H:$H,">0",问卷数据!$H:$H,"<11"),2),"")
A5: 标识标牌清晰 | B5: =IFERROR(ROUND(AVERAGEIFS(问卷数据!$K:$K,问卷数据!$C:$C,$A$1,问卷数据!$K:$K,">0",问卷数据!$K:$K,"<11"),2),"") | C5: =IFERROR(ROUND(AVERAGEIFS(问卷数据!$L:$L,问卷数据!$C:$C,$A$1,问卷数据!$L:$L,">0",问卷数据!$L:$L,"<11"),2),"")
A6: 适合商务旅行 | B6: =IFERROR(ROUND(AVERAGEIFS(问卷数据!$M:$M,问卷数据!$C:$C,$A$1,问卷数据!$M:$M,">0",问卷数据!$M:$M,"<11"),2),"") | C6: =IFERROR(ROUND(AVERAGEIFS(问卷数据!$N:$N,问卷数据!$C:$C,$A$1,问卷数据!$N:$N,">0",问卷数据!$N:$N,"<11"),2),"")
A7: 园区停车方便 | B7: =IFERROR(ROUND(AVERAGEIFS(问卷数据!$I:$I,问卷数据!$C:$C,$A$1,问卷数据!$I:$I,">0",问卷数据!$I:$I,"<11"),2),"") | C7: =IFERROR(ROUND(AVERAGEIFS(问卷数据!$J:$J,问卷数据!$C:$C,$A$1,问卷数据!$J:$J,">0",问卷数据!$J:$J,"<11"),2),"")
A8: 客房整体环境 | B8: =IFERROR(ROUND(AVERAGEIFS(问卷数据!$O:$O,问卷数据!$C:$C,$A$1,问卷数据!$O:$O,">0",问卷数据!$O:$O,"<11"),2),"") | C8: =IFERROR(ROUND(AVERAGEIFS(问卷数据!$P:$P,问卷数据!$C:$C,$A$1,问卷数据!$P:$P,">0",问卷数据!$P:$P,"<11"),2),"")
A9: 客房设施设备 | B9: =IFERROR(ROUND(AVERAGEIFS(问卷数据!$Q:$Q,问卷数据!$C:$C,$A$1,问卷数据!$Q:$Q,">0",问卷数据!$Q:$Q,"<11"),2),"") | C9: =IFERROR(ROUND(AVERAGEIFS(问卷数据!R:R,问卷数据!$C:$C,$A$1,问卷数据!R:R,">0",问卷数据!R:R,"<11"),2),"")
A10: 住宿用品质量 | B10: =IFERROR(ROUND(AVERAGEIFS(问卷数据!$S:$S,问卷数据!$C:$C,$A$1,问卷数据!$S:$S,">0",问卷数据!$S:$S,"<11"),2),"") | C10: =IFERROR(ROUND(AVERAGEIFS(问卷数据!$T:$T,问卷数据!$C:$C,$A$1,问卷数据!$T:$T,">0",问卷数据!$T:$T,"<11"),2),"")
A11: 客房私密性 | B11: =IFERROR(ROUND(AVERAGEIFS(问卷数据!$U:$U,问卷数据!$C:$C,$A$1,问卷数据!$U:$U,">0",问卷数据!$U:$U,"<11"),2),"") | C11: =IFERROR(ROUND(AVERAGEIFS(问卷数据!$V:$V,问卷数据!$C:$C,$A$1,问卷数据!$V:$V,">0",问卷数据!$V:$V,"<11"),2),"")
A12: 入住服务 | B12: =IFERROR(ROUND(AVERAGE(B13:B19),2),"") | C12: =IFERROR(ROUND(AVERAGE(C13:C19),2),"")
A13: 礼宾服务 | B13: =IFERROR(ROUND(AVERAGEIFS(问卷数据!$W:$W,问卷数据!$C:$C,$A$1,问卷数据!$W:$W,">0",问卷数据!$W:$W,"<11"),2),"") | C13: =IFERROR(ROUND(AVERAGEIFS(问卷数据!$X:$X,问卷数据!$C:$C,$A$1,问卷数据!$X:$X,">0",问卷数据!$X:$X,"<11"),2),"")
A14: 入住登记 | B14: =IFERROR(ROUND(AVERAGEIFS(问卷数据!$Y:$Y,问卷数据!$C:$C,$A$1,问卷数据!$Y:$Y,">0",问卷数据!$Y:$Y,"<11"),2),"") | C14: =IFERROR(ROUND(AVERAGEIFS(问卷数据!Z:Z,问卷数据!$C:$C,$A$1,问卷数据!Z:Z,">0",问卷数据!Z:Z,"<11"),2),"")
A15: 客房服务 | B15: =IFERROR(ROUND(AVERAGEIFS(问卷数据!$AA:$AA,问卷数据!$C:$C,$A$1,问卷数据!$AA:$AA,">0",问卷数据!$AA:$AA,"<11"),2),"") | C15: =IFERROR(ROUND(AVERAGEIFS(问卷数据!$AB:$AB,问卷数据!$C:$C,$A$1,问卷数据!$AB:$AB,">0",问卷数据!$AB:$AB,"<11"),2),"")
A16: 离店退房 | B16: =IFERROR(ROUND(AVERAGEIFS(问卷数据!$AC:$AC,问卷数据!$C:$C,$A$1,问卷数据!$AC:$AC,">0",问卷数据!$AC:$AC,"<11"),2),"") | C16: =IFERROR(ROUND(AVERAGEIFS(问卷数据!AD:AD,问卷数据!$C:$C,$A$1,问卷数据!AD:AD,">0",问卷数据!AD:AD,"<11"),2),"")
A17: 工作人员仪容仪表 | B17: =IFERROR(ROUND(AVERAGEIFS(问卷数据!$AI:$AI,问卷数据!$C:$C,$A$1,问卷数据!$AI:$AI,">0",问卷数据!$AI:$AI,"<11"),2),"") | C17: =IFERROR(ROUND(AVERAGEIFS(问卷数据!$AJ:$AJ,问卷数据!$C:$C,$A$1,问卷数据!$AJ:$AJ,">0",问卷数据!$AJ:$AJ,"<11"),2),"")
A18: 工作人员服务态度 | B18: =IFERROR(ROUND(AVERAGEIFS(问卷数据!$AG:$AG,问卷数据!$C:$C,$A$1,问卷数据!$AG:$AG,">0",问卷数据!$AG:$AG,"<11"),2),"") | C18: =IFERROR(ROUND(AVERAGEIFS(问卷数据!$AH:$AH,问卷数据!$C:$C,$A$1,问卷数据!$AH:$AH,">0",问卷数据!$AH:$AH,"<11"),2),"")
A19: 工作人员业务技能 | B19: =IFERROR(ROUND(AVERAGEIFS(问卷数据!$AE:$AE,问卷数据!$C:$C,$A$1,问卷数据!$AE:$AE,">0",问卷数据!$AE:$AE,"<11"),2),"") | C19: =IFERROR(ROUND(AVERAGEIFS(问卷数据!$AF:$AF,问卷数据!$C:$C,$A$1,问卷数据!$AF:$AF,">0",问卷数据!$AF:$AF,"<11"),2),"")
A20: 餐饮服务 | B20: =IFERROR(ROUND(AVERAGE(B21:B24),2),"") | C20: =IFERROR(ROUND(AVERAGE(C21:C24),2),"")
A21: 自助早餐 | B21: =IFERROR(ROUND(AVERAGEIFS(问卷数据!$AK:$AK,问卷数据!$C:$C,$A$1,问卷数据!$AK:$AK,">0",问卷数据!$AK:$AK,"<11"),2),"") | C21: =IFERROR(ROUND(AVERAGEIFS(问卷数据!$AL:$AL,问卷数据!$C:$C,$A$1,问卷数据!$AL:$AL,">0",问卷数据!$AL:$AL,"<11"),2),"")
A22: 自助晚餐 | B22: =IFERROR(ROUND(AVERAGEIFS(问卷数据!$AM:$AM,问卷数据!$C:$C,$A$1,问卷数据!$AM:$AM,">0",问卷数据!$AM:$AM,"<11"),2),"") | C22: =IFERROR(ROUND(AVERAGEIFS(问卷数据!$AN:$AN,问卷数据!$C:$C,$A$1,问卷数据!$AN:$AN,">0",问卷数据!$AN:$AN,"<11"),2),"")
A23: 送餐服务 | B23: =IFERROR(ROUND(AVERAGEIFS(问卷数据!$AO:$AO,问卷数据!$C:$C,$A$1,问卷数据!$AO:$AO,">0",问卷数据!$AO:$AO,"<11"),2),"") | C23: =IFERROR(ROUND(AVERAGEIFS(问卷数据!$AP:$AP,问卷数据!$C:$C,$A$1,问卷数据!$AP:$AP,">0",问卷数据!$AP:$AP,"<11"),2),"")
A24: 零点服务 | B24: =IFERROR(ROUND(AVERAGEIFS(问卷数据!$AQ:$AQ,问卷数据!$C:$C,$A$1,问卷数据!$AQ:$AQ,">0",问卷数据!$AQ:$AQ,"<11"),2),"") | C24: =IFERROR(ROUND(AVERAGEIFS(问卷数据!AR:AR,问卷数据!$C:$C,$A$1,问卷数据!AR:AR,">0",问卷数据!AR:AR,"<11"),2),"")
A25: 智慧场馆 | B25: =IFERROR(ROUND(AVERAGE(B26:B29),2),"") | C25: =IFERROR(ROUND(AVERAGE(C26:C29),2),"")
A26: 杭州国博APP | B26: =IFERROR(ROUND(AVERAGEIFS(问卷数据!$AT:$AT,问卷数据!$C:$C,$A$1,问卷数据!$AT:$AT,">0",问卷数据!$AT:$AT,"<11"),2),"") | C26: =IFERROR(ROUND(AVERAGEIFS(问卷数据!$AU:$AU,问卷数据!$C:$C,$A$1,问卷数据!$AU:$AU,">0",问卷数据!$AU:$AU,"<11"),2),"")
A27: 室内导航系统 | B27: =IFERROR(ROUND(AVERAGEIFS(问卷数据!$AW:$AW,问卷数据!$C:$C,$A$1,问卷数据!$AW:$AW,">0",问卷数据!$AW:$AW,"<11"),2),"") | C27: =IFERROR(ROUND(AVERAGEIFS(问卷数据!$AX:$AX,问卷数据!$C:$C,$A$1,问卷数据!$AX:$AX,">0",问卷数据!$AX:$AX,"<11"),2),"")
A28: 寻车系统 | B28: =IFERROR(ROUND(AVERAGEIFS(问卷数据!$AZ:$AZ,问卷数据!$C:$C,$A$1,问卷数据!$AZ:$AZ,">0",问卷数据!$AZ:$AZ,"<11"),2),"") | C28: =IFERROR(ROUND(AVERAGEIFS(问卷数据!$BA:$BA,问卷数据!$C:$C,$A$1,问卷数据!$BA:$BA,">0",问卷数据!$BA:$BA,"<11"),2),"")
A29: 云上看馆 | B29: =IFERROR(ROUND(AVERAGEIFS(问卷数据!$BC:$BC,问卷数据!$C:$C,$A$1,问卷数据!$BC:$BC,">0",问卷数据!$BC:$BC,"<11"),2),"") | C29: =IFERROR(ROUND(AVERAGEIFS(问卷数据!$BD:$BD,问卷数据!$C:$C,$A$1,问卷数据!$BD:$BD,">0",问卷数据!$BD:$BD,"<11"),2),"")

Sheet 住宿团队
A1: 住宿团队 | B1: =IFERROR(ROUND(AVERAGE(B3,B12,B20,B25),2),"") | C1: =IFERROR(ROUND(AVERAGE(C3,C12,C20,C25),2),"")
A2: 指标 | B2: 满意度 | C2: 重要性
A3: 硬件设施 | B3: =IFERROR(ROUND(AVERAGE(B4:B11),2),"") | C3: =IFERROR(ROUND(AVERAGE(C4:C11),2),"")
A4: 交通便利，容易到达 | B4: =IFERROR(ROUND(AVERAGEIFS(问卷数据!$G:$G,问卷数据!$C:$C,$A$1,问卷数据!$G:$G,">0",问卷数据!$G:$G,"<11"),2),"") | C4: =IFERROR(ROUND(AVERAGEIFS(问卷数据!$H:$H,问卷数据!$C:$C,$A$1,问卷数据!$H:$H,">0",问卷数据!$H:$H,"<11"),2),"")
A5: 标识标牌清晰 | B5: =IFERROR(ROUND(AVERAGEIFS(问卷数据!$K:$K,问卷数据!$C:$C,$A$1,问卷数据!$K:$K,">0",问卷数据!$K:$K,"<11"),2),"") | C5: =IFERROR(ROUND(AVERAGEIFS(问卷数据!$L:$L,问卷数据!$C:$C,$A$1,问卷数据!$L:$L,">0",问卷数据!$L:$L,"<11"),2),"")
A6: 适合商务旅行 | B6: =IFERROR(ROUND(AVERAGEIFS(问卷数据!$M:$M,问卷数据!$C:$C,$A$1,问卷数据!$M:$M,">0",问卷数据!$M:$M,"<11"),2),"") | C6: =IFERROR(ROUND(AVERAGEIFS(问卷数据!$N:$N,问卷数据!$C:$C,$A$1,问卷数据!$N:$N,">0",问卷数据!$N:$N,"<11"),2),"")
A7: 园区停车方便 | B7: =IFERROR(ROUND(AVERAGEIFS(问卷数据!$I:$I,问卷数据!$C:$C,$A$1,问卷数据!$I:$I,">0",问卷数据!$I:$I,"<11"),2),"") | C7: =IFERROR(ROUND(AVERAGEIFS(问卷数据!$J:$J,问卷数据!$C:$C,$A$1,问卷数据!$J:$J,">0",问卷数据!$J:$J,"<11"),2),"")
A8: 客房整体环境 | B8: =IFERROR(ROUND(AVERAGEIFS(问卷数据!$O:$O,问卷数据!$C:$C,$A$1,问卷数据!$O:$O,">0",问卷数据!$O:$O,"<11"),2),"") | C8: =IFERROR(ROUND(AVERAGEIFS(问卷数据!$P:$P,问卷数据!$C:$C,$A$1,问卷数据!$P:$P,">0",问卷数据!$P:$P,"<11"),2),"")
A9: 客房设施设备 | B9: =IFERROR(ROUND(AVERAGEIFS(问卷数据!$Q:$Q,问卷数据!$C:$C,$A$1,问卷数据!$Q:$Q,">0",问卷数据!$Q:$Q,"<11"),2),"") | C9: =IFERROR(ROUND(AVERAGEIFS(问卷数据!R:R,问卷数据!$C:$C,$A$1,问卷数据!R:R,">0",问卷数据!R:R,"<11"),2),"")
A10: 住宿用品质量 | B10: =IFERROR(ROUND(AVERAGEIFS(问卷数据!$S:$S,问卷数据!$C:$C,$A$1,问卷数据!$S:$S,">0",问卷数据!$S:$S,"<11"),2),"") | C10: =IFERROR(ROUND(AVERAGEIFS(问卷数据!$T:$T,问卷数据!$C:$C,$A$1,问卷数据!$T:$T,">0",问卷数据!$T:$T,"<11"),2),"")
A11: 客房私密性 | B11: =IFERROR(ROUND(AVERAGEIFS(问卷数据!$U:$U,问卷数据!$C:$C,$A$1,问卷数据!$U:$U,">0",问卷数据!$U:$U,"<11"),2),"") | C11: =IFERROR(ROUND(AVERAGEIFS(问卷数据!$V:$V,问卷数据!$C:$C,$A$1,问卷数据!$V:$V,">0",问卷数据!$V:$V,"<11"),2),"")
A12: 入住服务 | B12: =IFERROR(ROUND(AVERAGE(B13:B19),2),"") | C12: =IFERROR(ROUND(AVERAGE(C13:C19),2),"")
A13: 礼宾服务 | B13: =IFERROR(ROUND(AVERAGEIFS(问卷数据!$W:$W,问卷数据!$C:$C,$A$1,问卷数据!$W:$W,">0",问卷数据!$W:$W,"<11"),2),"") | C13: =IFERROR(ROUND(AVERAGEIFS(问卷数据!$X:$X,问卷数据!$C:$C,$A$1,问卷数据!$X:$X,">0",问卷数据!$X:$X,"<11"),2),"")
A14: 入住登记 | B14: =IFERROR(ROUND(AVERAGEIFS(问卷数据!$Y:$Y,问卷数据!$C:$C,$A$1,问卷数据!$Y:$Y,">0",问卷数据!$Y:$Y,"<11"),2),"") | C14: =IFERROR(ROUND(AVERAGEIFS(问卷数据!Z:Z,问卷数据!$C:$C,$A$1,问卷数据!Z:Z,">0",问卷数据!Z:Z,"<11"),2),"")
A15: 客房服务 | B15: =IFERROR(ROUND(AVERAGEIFS(问卷数据!$AA:$AA,问卷数据!$C:$C,$A$1,问卷数据!$AA:$AA,">0",问卷数据!$AA:$AA,"<11"),2),"") | C15: =IFERROR(ROUND(AVERAGEIFS(问卷数据!$AB:$AB,问卷数据!$C:$C,$A$1,问卷数据!$AB:$AB,">0",问卷数据!$AB:$AB,"<11"),2),"")
A16: 离店退房 | B16: =IFERROR(ROUND(AVERAGEIFS(问卷数据!$AC:$AC,问卷数据!$C:$C,$A$1,问卷数据!$AC:$AC,">0",问卷数据!$AC:$AC,"<11"),2),"") | C16: =IFERROR(ROUND(AVERAGEIFS(问卷数据!AD:AD,问卷数据!$C:$C,$A$1,问卷数据!AD:AD,">0",问卷数据!AD:AD,"<11"),2),"")
A17: 工作人员仪容仪表 | B17: =IFERROR(ROUND(AVERAGEIFS(问卷数据!$AI:$AI,问卷数据!$C:$C,$A$1,问卷数据!$AI:$AI,">0",问卷数据!$AI:$AI,"<11"),2),"") | C17: =IFERROR(ROUND(AVERAGEIFS(问卷数据!$AJ:$AJ,问卷数据!$C:$C,$A$1,问卷数据!$AJ:$AJ,">0",问卷数据!$AJ:$AJ,"<11"),2),"")
A18: 工作人员服务态度 | B18: =IFERROR(ROUND(AVERAGEIFS(问卷数据!$AG:$AG,问卷数据!$C:$C,$A$1,问卷数据!$AG:$AG,">0",问卷数据!$AG:$AG,"<11"),2),"") | C18: =IFERROR(ROUND(AVERAGEIFS(问卷数据!$AH:$AH,问卷数据!$C:$C,$A$1,问卷数据!$AH:$AH,">0",问卷数据!$AH:$AH,"<11"),2),"")
A19: 工作人员业务技能 | B19: =IFERROR(ROUND(AVERAGEIFS(问卷数据!$AE:$AE,问卷数据!$C:$C,$A$1,问卷数据!$AE:$AE,">0",问卷数据!$AE:$AE,"<11"),2),"") | C19: =IFERROR(ROUND(AVERAGEIFS(问卷数据!$AF:$AF,问卷数据!$C:$C,$A$1,问卷数据!$AF:$AF,">0",问卷数据!$AF:$AF,"<11"),2),"")
A20: 餐饮服务 | B20: =IFERROR(ROUND(AVERAGE(B21:B24),2),"") | C20: =IFERROR(ROUND(AVERAGE(C21:C24),2),"")
A21: 自助早餐 | B21: =IFERROR(ROUND(AVERAGEIFS(问卷数据!$AK:$AK,问卷数据!$C:$C,$A$1,问卷数据!$AK:$AK,">0",问卷数据!$AK:$AK,"<11"),2),"") | C21: =IFERROR(ROUND(AVERAGEIFS(问卷数据!$AL:$AL,问卷数据!$C:$C,$A$1,问卷数据!$AL:$AL,">0",问卷数据!$AL:$AL,"<11"),2),"")
A22: 自助晚餐 | B22: =IFERROR(ROUND(AVERAGEIFS(问卷数据!$AM:$AM,问卷数据!$C:$C,$A$1,问卷数据!$AM:$AM,">0",问卷数据!$AM:$AM,"<11"),2),"") | C22: =IFERROR(ROUND(AVERAGEIFS(问卷数据!$AN:$AN,问卷数据!$C:$C,$A$1,问卷数据!$AN:$AN,">0",问卷数据!$AN:$AN,"<11"),2),"")
A23: 送餐服务 | B23: =IFERROR(ROUND(AVERAGEIFS(问卷数据!$AO:$AO,问卷数据!$C:$C,$A$1,问卷数据!$AO:$AO,">0",问卷数据!$AO:$AO,"<11"),2),"") | C23: =IFERROR(ROUND(AVERAGEIFS(问卷数据!$AP:$AP,问卷数据!$C:$C,$A$1,问卷数据!$AP:$AP,">0",问卷数据!$AP:$AP,"<11"),2),"")
A24: 零点服务 | B24: =IFERROR(ROUND(AVERAGEIFS(问卷数据!$AQ:$AQ,问卷数据!$C:$C,$A$1,问卷数据!$AQ:$AQ,">0",问卷数据!$AQ:$AQ,"<11"),2),"") | C24: =IFERROR(ROUND(AVERAGEIFS(问卷数据!AR:AR,问卷数据!$C:$C,$A$1,问卷数据!AR:AR,">0",问卷数据!AR:AR,"<11"),2),"")
A25: 智慧场馆 | B25: =IFERROR(ROUND(AVERAGE(B26:B29),2),"") | C25: =IFERROR(ROUND(AVERAGE(C26:C29),2),"")
A26: 杭州国博APP | B26: =IFERROR(ROUND(AVERAGEIFS(问卷数据!$AT:$AT,问卷数据!$C:$C,$A$1,问卷数据!$AT:$AT,">0",问卷数据!$AT:$AT,"<11"),2),"") | C26: =IFERROR(ROUND(AVERAGEIFS(问卷数据!$AU:$AU,问卷数据!$C:$C,$A$1,问卷数据!$AU:$AU,">0",问卷数据!$AU:$AU,"<11"),2),"")
A27: 室内导航系统 | B27: =IFERROR(ROUND(AVERAGEIFS(问卷数据!$AW:$AW,问卷数据!$C:$C,$A$1,问卷数据!$AW:$AW,">0",问卷数据!$AW:$AW,"<11"),2),"") | C27: =IFERROR(ROUND(AVERAGEIFS(问卷数据!$AX:$AX,问卷数据!$C:$C,$A$1,问卷数据!$AX:$AX,">0",问卷数据!$AX:$AX,"<11"),2),"")
A28: 寻车系统 | B28: =IFERROR(ROUND(AVERAGEIFS(问卷数据!$AZ:$AZ,问卷数据!$C:$C,$A$1,问卷数据!$AZ:$AZ,">0",问卷数据!$AZ:$AZ,"<11"),2),"") | C28: =IFERROR(ROUND(AVERAGEIFS(问卷数据!$BA:$BA,问卷数据!$C:$C,$A$1,问卷数据!$BA:$BA,">0",问卷数据!$BA:$BA,"<11"),2),"")
A29: 云上看馆 | B29: =IFERROR(ROUND(AVERAGEIFS(问卷数据!$BC:$BC,问卷数据!$C:$C,$A$1,问卷数据!$BC:$BC,">0",问卷数据!$BC:$BC,"<11"),2),"") | C29: =IFERROR(ROUND(AVERAGEIFS(问卷数据!$BD:$BD,问卷数据!$C:$C,$A$1,问卷数据!$BD:$BD,">0",问卷数据!$BD:$BD,"<11"),2),"")
