Workbook

Sheet 问卷数据
A1: 提交序号 | B1: 状态 | C1: Q1-调研类别 | D1: Q2-您使用了那种餐饮类型 | E1: Q3-您的性别 | F1: Q4-您的年龄 | G1: Q6-请问您对杭州国际博览中心交通情况进行评价？请用1-10分打分-外部交通，容易达到(满意度) | H1: Q6-请问您对杭州国际博览中心交通情况进行评价？请用1-10分打分-外部交通，容易达到(重要性) | I1: Q6-请问您对杭州国际博览中心交通情况进行评价？请用1-10分打分-内部交通，停车方便(满意度) | J1: Q6-请问您对杭州国际博览中心交通情况进行评价？请用1-10分打分-内部交通，停车方便(重要性) | K1: Q7-请问您对杭州国际博览中心标识标牌清晰评价？请用1-10分打分。-标识标牌清晰(满意度) | L1: Q7-请问您对杭州国际博览中心标识标牌清晰评价？请用1-10分打分。-标识标牌清晰(重要性) | M1: Q8-请问您对杭州国际博览中心就餐区域温度评价？请用1-10分打分。-就餐区域温度(满意度) | N1: Q8-请问您对杭州国际博览中心就餐区域温度评价？请用1-10分打分。-就餐区域温度(重要性) | O1: Q9-请问您对杭州国际博览中心就餐区域卫生评价？请用1-10分打分。-就餐区域卫生(满意度) | P1: Q9-请问您对杭州国际博览中心就餐区域卫生评价？请用1-10分打分。-就餐区域卫生(重要性) | Q1: Q10-请问您对杭州国际博览中心宴会视听设备评价？请用1-10分打分。（宴会，婚宴）-宴会视听设备(满意度) | R1: Q10-请问您对杭州国际博览中心宴会视听设备评价？请用1-10分打分。（宴会，婚宴）-宴会视听设备(重要性) | S1: Q11-请问您对杭州国际博览中心接待指引评价？请用1-10分打分。（宴会，婚宴，自助餐）-接待指引(满意度) | T1: Q11-请问您对杭州国际博览中心接待指引评价？请用1-10分打分。（宴会，婚宴，自助餐）-接待指引(重要性) | U1: Q12-请问您对杭州国际博览中心菜品特色评价？请用1-10分打分。（商，特，宴会，婚宴）-菜品特色(满意度) | V1: Q12-请问您对杭州国际博览中心菜品特色评价？请用1-10分打分。（商，特，宴会，婚宴）-菜品特色(重要性) | W1: Q13-请问您对杭州国际博览中心婚宴茶歇服务与品质评价？请用1-10分打分。（婚宴，）-婚宴茶歇服务与品质(满意度) | X1: Q13-请问您对杭州国际博览中心婚宴茶歇服务与品质评价？请用1-10分打分。（婚宴，）-婚宴茶歇服务与品质(重要性) | Y1: Q14-请问您对杭州国际博览中心菜肴品质评价？请用1-10分打分。（特）-菜肴品质(满意度) | Z1: Q14-请问您对杭州国际博览中心菜肴品质评价？请用1-10分打分。（特）-菜肴品质(重要性) | AA1: Q15-请问您对杭州国际博览中心菜品口味品相评价？请用1-10分打分。（特，婚，宴会，自助）-菜品口味口相(满意度) | AB1: Q15-请问您对杭州国际博览中心菜品口味品相评价？请用1-10分打分。（特，婚，宴会，自助）-菜品口味口相(重要性) | AC1: Q16-请问您对杭州国际博览中心上菜/供应速度评价？请用1-10分打分。（商，自助，宴会，婚宴）-上菜/供应速度(满意度) | AD1: Q16-请问您对杭州国际博览中心上菜/供应速度评价？请用1-10分打分。（商，自助，宴会，婚宴）-上菜/供应速度(重要性) | AE1: Q17-请问您对杭州国际博览中心菜品卫生评价？请用1-10分打分。（商）-菜品卫生(满意度) | AF1: Q17-请问您对杭州国际博览中心菜品卫生评价？请用1-10分打分。（商）-菜品卫生(重要性) | AG1: Q18-请问您对杭州国际博览中心菜肴品种评价？请用1-10分打分。（自助，宴会）-菜肴品种(满意度) | AH1: Q18-请问您对杭州国际博览中心菜肴品种评价？请用1-10分打分。（自助，宴会）-菜肴品种(重要性) | AI1: Q19-请问您对杭州国际博览中心菜肴份量评价？请用1-10分打分。（特，商）-菜肴份量(满意度) | AJ1: Q19-请问您对杭州国际博览中心菜肴份量评价？请用1-10分打分。（特，商）-菜肴份量(重要性) | AK1: Q20-请问您对杭州国际博览中心菜品温度评价？请用1-10分打分。（商，宴会，婚宴）-菜品温度(满意度) | AL1: Q20-请问您对杭州国际博览中心菜品温度评价？请用1-10分打分。（商，宴会，婚宴）-菜品温度(重要性) | AM1: Q21-请问您对本次就餐工作人员服务品质评价？请用1-10分打分。（特，商，宴会，自助）-工作人员服务品质(满意度) | AN1: Q21-请问您对本次就餐工作人员服务品质评价？请用1-10分打分。（特，商，宴会，自助）-工作人员服务品质(重要性) | AO1: Q22-请问您对本次就餐工作人员服务态度评价？请用1-10分打分。（婚宴）-工作人员服务态度(满意度) | AP1: Q22-请问您对本次就餐工作人员服务态度评价？请用1-10分打分。（婚宴）-工作人员服务态度(重要性) | AQ1: Q23-请问您对本次就餐工作人员仪容仪表评价？请用1-10分打分。（婚宴）-工作人员仪容仪表(满意度) | AR1: Q23-请问您对本次就餐工作人员仪容仪表评价？请用1-10分打分。（婚宴）-工作人员仪容仪表(重要性) | AS1: Q24-请问您对本次就餐工作人员业务技能评价？请用1-10分打分。（婚宴）-工作人员业务技能(满意度) | AT1: Q24-请问您对本次就餐工作人员业务技能评价？请用1-10分打分。（婚宴）-工作人员业务技能(重要性) | AU1: Q25-您知道杭州国际博览中心杭州国博APP吗？ | AV1: Q26-请问您对杭州国际博览中心杭州国博APP评价评价？请用1-10分打分。-杭州国博APP(满意度) | AW1: Q26-请问您对杭州国际博览中心杭州国博APP评价评价？请用1-10分打分。-杭州国博APP(重要性) | AX1: Q27-您是否知道杭州国际博览中心室内导航系统？ | AY1: Q28-请问您对杭州国际博览中心室内导航系统评价如何？-室内导航系统(满意度) | AZ1: Q28-请问您对杭州国际博览中心室内导航系统评价如何？-室内导航系统(重要性) | BA1: Q29-您知道杭州国际博览中心寻车系统评价？请用1-10分打分。 | BB1: Q30-请问您对杭州国际博览中心寻车系统评价评价？请用1-10分打分。-寻车系统(满意度) | BC1: Q30-请问您对杭州国际博览中心寻车系统评价评价？请用1-10分打分。-寻车系统(重要性) | BD1: Q31-您知道杭州国际博览中心云上看馆吗？ | BE1: Q32-请问您对杭州国际博览中心云上看馆评价？请用1-10分打分。-云上看馆(满意度) | BF1: Q32-请问您对杭州国际博览中心云上看馆评价？请用1-10分打分。-云上看馆(重要性) | BG1: Q33-请问您对餐厅的价格与品质程度如何？【单选】 请用1-10分打分。—满意度 | BH1: Q34- 请问您对餐厅的总体满意程度如何？【单选】 请用1-10分打分。 —满意度 | BI1: Q35-本次就餐服务是否有达到您的预期？—满意度 | BJ1: Q36- 您是否会向其他人推荐该餐厅？【单选】 | BK1: Q37- 请问您对餐厅的评价或建议？【开放题】 | BL1: 扩展字段 | BM1: 用户ID | BN1: 修改用户 | BO1: 提交时间 | BP1: 修改时间 | BQ1: 录音 | BR1: 填表时长 | BS1: 开始填表时间 | BT1: 待审核的任务id | BU1: 上次审核的任务id | BV1: 层级列表 | BW1: 待审核的用户 | BX1: 填表地址 | BY1: 用户名称

Sheet 特色美食廊
A1: 特色美食廊 | B1: =IFERROR(ROUND(AVERAGE(B3,B11,B15),2),"") | C1: =IFERROR(ROUND(AVERAGE(C3,C11,C15),2),"")
A2: 指标 | B2: 满意度 | C2: 重要性
A3: 餐饮服务 | B3: =IFERROR(ROUND(AVERAGE(B4:B10),2),"") | C3: =IFERROR(ROUND(AVERAGE(C4:C10),2),"")
A4: 菜肴品质 | B4: =IFERROR(ROUND(AVERAGEIFS(问卷数据!Y:Y,问卷数据!$D:$D,$A$1,问卷数据!Y:Y,">0",问卷数据!Y:Y,"<11"),2),"") | C4: =IFERROR(ROUND(AVERAGEIFS(问卷数据!Z:Z,问卷数据!$D:$D,$A$1,问卷数据!Z:Z,">0",问卷数据!Z:Z,"<11"),2),"")
A5: 菜品口味口相 | B5: =IFERROR(ROUND(AVERAGEIFS(问卷数据!AA:AA,问卷数据!$D:$D,$A$1,问卷数据!AA:AA,">0",问卷数据!AA:AA,"<11"),2),"") | C5: =IFERROR(ROUND(AVERAGEIFS(问卷数据!AB:AB,问卷数据!$D:$D,$A$1,问卷数据!AB:AB,">0",问卷数据!AB:AB,"<11"),2),"")
A6: 菜品地方特色 | B6: =IFERROR(ROUND(AVERAGEIFS(问卷数据!U:U,问卷数据!$D:$D,$A$1,问卷数据!U:U,">0",问卷数据!U:U,"<11"),2),"") | C6: =IFERROR(ROUND(AVERAGEIFS(问卷数据!V:V,问卷数据!$D:$D,$A$1,问卷数据!V:V,">0",问卷数据!V:V,"<11"),2),"")
A7: 菜肴份量 | B7: =IFERROR(ROUND(AVERAGEIFS(问卷数据!AI:AI,问卷数据!$D:$D,$A$1,问卷数据!AI:AI,">0",问卷数据!AI:AI,"<11"),2),"") | C7: =IFERROR(ROUND(AVERAGEIFS(问卷数据!AJ:AJ,问卷数据!$D:$D,$A$1,问卷数据!AJ:AJ,">0",问卷数据!AJ:AJ,"<11"),2),"")
A8: 工作人员服务品质 | B8: =IFERROR(ROUND(AVERAGEIFS(问卷数据!$AM:$AM,问卷数据!$D:$D,$A$1,问卷数据!$AM:$AM,">0",问卷数据!$AM:$AM,"<11"),2),"") | C8: =IFERROR(ROUND(AVERAGEIFS(问卷数据!$AN:$AN,问卷数据!$D:$D,$A$1,问卷数据!$AN:$AN,">0",问卷数据!$AN:$AN,"<11"),2),"")
A9: 就餐区域温度 | B9: =IFERROR(ROUND(AVERAGEIFS(问卷数据!$M:$M,问卷数据!$D:$D,$A$1,问卷数据!$M:$M,">0",问卷数据!$M:$M,"<11"),2),"") | C9: =IFERROR(ROUND(AVERAGEIFS(问卷数据!$N:$N,问卷数据!$D:$D,$A$1,问卷数据!$N:$N,">0",问卷数据!$N:$N,"<11"),2),"")
A10: 就餐区域卫生 | B10: =IFERROR(ROUND(AVERAGEIFS(问卷数据!$O:$O,问卷数据!$D:$D,$A$1,问卷数据!$O:$O,">0",问卷数据!$O:$O,"<11"),2),"") | C10: =IFERROR(ROUND(AVERAGEIFS(问卷数据!$P:$P,问卷数据!$D:$D,$A$1,问卷数据!$P:$P,">0",问卷数据!$P:$P,"<11"),2),"")
A11: 硬件设施 | B11: =IFERROR(ROUND(AVERAGE(B12:B14),2),"") | C11: =IFERROR(ROUND(AVERAGE(C12:C14),2),"")
A12: 园区停车方便 | B12: =IFERROR(ROUND(AVERAGEIFS(问卷数据!$I:$I,问卷数据!$D:$D,$A$1,问卷数据!$I:$I,">0",问卷数据!$I:$I,"<11"),2),"") | C12: =IFERROR(ROUND(AVERAGEIFS(问卷数据!$J:$J,问卷数据!$D:$D,$A$1,问卷数据!$J:$J,">0",问卷数据!$J:$J,"<11"),2),"")
A13: 交通便利，容易到达 | B13: =IFERROR(ROUND(AVERAGEIFS(问卷数据!$G:$G,问卷数据!$D:$D,$A$1,问卷数据!$G:$G,">0",问卷数据!$G:$G,"<11"),2),"") | C13: =IFERROR(ROUND(AVERAGEIFS(问卷数据!$H:$H,问卷数据!$D:$D,$A$1,问卷数据!$H:$H,">0",问卷数据!$H:$H,"<11"),2),"")
A14: 标识标牌清晰 | B14: =IFERROR(ROUND(AVERAGEIFS(问卷数据!$K:$K,问卷数据!$D:$D,$A$1,问卷数据!$K:$K,">0",问卷数据!$K:$K,"<11"),2),"") | C14: =IFERROR(ROUND(AVERAGEIFS(问卷数据!$L:$L,问卷数据!$D:$D,$A$1,问卷数据!$L:$L,">0",问卷数据!$L:$L,"<11"),2),"")
A15: 智慧场馆 | B15: =IFERROR(ROUND(AVERAGE(B16:B19),2),"") | C15: =IFERROR(ROUND(AVERAGE(C16:C19),2),"")
A16: 杭州国博APP | B16: =IFERROR(ROUND(AVERAGEIFS(问卷数据!$AV:$AV,问卷数据!$D:$D,$A$1,问卷数据!$AV:$AV,">0",问卷数据!$AV:$AV,"<11"),2),"") | C16: =IFERROR(ROUND(AVERAGEIFS(问卷数据!$AW:$AW,问卷数据!$D:$D,$A$1,问卷数据!$AW:$AW,">0",问卷数据!$AW:$AW,"<11"),2),"")
A17: 寻车系统 | B17: =IFERROR(ROUND(AVERAGEIFS(问卷数据!$BB:$BB,问卷数据!$D:$D,$A$1,问卷数据!$BB:$BB,">0",问卷数据!$BB:$BB,"<11"),2),"") | C17: =IFERROR(ROUND(AVERAGEIFS(问卷数据!$BC:$BC,问卷数据!$D:$D,$A$1,问卷数据!$BC:$BC,">0",问卷数据!$BC:$BC,"<11"),2),"")
A18: 室内导航系统 | B18: =IFERROR(ROUND(AVERAGEIFS(问卷数据!AY:AY,问卷数据!$D:$D,$A$1,问卷数据!AY:AY,">0",问卷数据!AY:AY,"<11"),2),"") | C18: =IFERROR(ROUND(AVERAGEIFS(问卷数据!$AZ:$AZ,问卷数据!$D:$D,$A$1,问卷数据!$AZ:$AZ,">0",问卷数据!$AZ:$AZ,"<11"),2),"")
A19: 云上看馆 | B19: =IFERROR(ROUND(AVERAGEIFS(问卷数据!$BE:$BE,问卷数据!$D:$D,$A$1,问卷数据!$BE:$BE,">0",问卷数据!$BE:$BE,"<11"),2),"") | C19: =IFERROR(ROUND(AVERAGEIFS(问卷数据!$BF:$BF,问卷数据!$D:$D,$A$1,问卷数据!$BF:$BF,">0",问卷数据!$BF:$BF,"<11"),2),"")

Sheet 商务简餐
A1: 商务简餐 | B1: =IFERROR(ROUND(AVERAGE(B3,B11,B15),2),"") | C1: =IFERROR(ROUND(AVERAGE(C3,C11,C15),2),"")
A2: 指标 | B2: 满意度 | C2: 重要性
A3: 餐饮服务 | B3: =IFERROR(ROUND(AVERAGE(B4:B10),2),"") | C3: =IFERROR(ROUND(AVERAGE(C4:C10),2),"")
A4: 菜品温度 | B4: =IFERROR(ROUND(AVERAGEIFS(问卷数据!$AK:$AK,问卷数据!$D:$D,$A$1,问卷数据!$AK:$AK,">0",问卷数据!$AK:$AK,"<11"),2),"") | C4: =IFERROR(ROUND(AVERAGEIFS(问卷数据!$AL:$AL,问卷数据!$D:$D,$A$1,问卷数据!$AL:$AL,">0",问卷数据!$AL:$AL,"<11"),2),"")
A5: 菜品分量 | B5: =IFERROR(ROUND(AVERAGEIFS(问卷数据!$AI:$AI,问卷数据!$D:$D,$A$1,问卷数据!$AI:$AI,">0",问卷数据!$AI:$AI,"<11"),2),"") | C5: =IFERROR(ROUND(AVERAGEIFS(问卷数据!$AJ:$AJ,问卷数据!$D:$D,$A$1,问卷数据!$AJ:$AJ,">0",问卷数据!$AJ:$AJ,"<11"),2),"")
A6: 供应速度 | B6: =IFERROR(ROUND(AVERAGEIFS(问卷数据!$AC:$AC,问卷数据!$D:$D,$A$1,问卷数据!$AC:$AC,">0",问卷数据!$AC:$AC,"<11"),2),"") | C6: =IFERROR(ROUND(AVERAGEIFS(问卷数据!$AD:$AD,问卷数据!$D:$D,$A$1,问卷数据!$AD:$AD,">0",问卷数据!$AD:$AD,"<11"),2),"")
A7: 菜品卫生 | B7: =IFERROR(ROUND(AVERAGEIFS(问卷数据!$AE:$AE,问卷数据!$D:$D,$A$1,问卷数据!$AE:$AE,">0",问卷数据!$AE:$AE,"<11"),2),"") | C7: =IFERROR(ROUND(AVERAGEIFS(问卷数据!$AF:$AF,问卷数据!$D:$D,$A$1,问卷数据!$AF:$AF,">0",问卷数据!$AF:$AF,"<11"),2),"")
A8: 工作人员服务品质 | B8: =IFERROR(ROUND(AVERAGEIFS(问卷数据!$AM:$AM,问卷数据!$D:$D,$A$1,问卷数据!$AM:$AM,">0",问卷数据!$AM:$AM,"<11"),2),"") | C8: =IFERROR(ROUND(AVERAGEIFS(问卷数据!$AN:$AN,问卷数据!$D:$D,$A$1,问卷数据!$AN:$AN,">0",问卷数据!$AN:$AN,"<11"),2),"")
A9: 就餐区域温度 | B9: =IFERROR(ROUND(AVERAGEIFS(问卷数据!$M:$M,问卷数据!$D:$D,$A$1,问卷数据!$M:$M,">0",问卷数据!$M:$M,"<11"),2),"") | C9: =IFERROR(ROUND(AVERAGEIFS(问卷数据!$N:$N,问卷数据!$D:$D,$A$1,问卷数据!$N:$N,">0",问卷数据!$N:$N,"<11"),2),"")
A10: 就餐区域卫生 | B10: =IFERROR(ROUND(AVERAGEIFS(问卷数据!$O:$O,问卷数据!$D:$D,$A$1,问卷数据!$O:$O,">0",问卷数据!$O:$O,"<11"),2),"") | C10: =IFERROR(ROUND(AVERAGEIFS(问卷数据!$P:$P,问卷数据!$D:$D,$A$1,问卷数据!$P:$P,">0",问卷数据!$P:$P,"<11"),2),"")
A11: 硬件设施 | B11: =IFERROR(ROUND(AVERAGE(B12:B14),2),"") | C11: =IFERROR(ROUND(AVERAGE(C12:C14),2),"")
A12: 园区停车方便 | B12: =IFERROR(ROUND(AVERAGEIFS(问卷数据!$I:$I,问卷数据!$D:$D,$A$1,问卷数据!$I:$I,">0",问卷数据!$I:$I,"<11"),2),"") | C12: =IFERROR(ROUND(AVERAGEIFS(问卷数据!$J:$J,问卷数据!$D:$D,$A$1,问卷数据!$J:$J,">0",问卷数据!$J:$J,"<11"),2),"")
A13: 交通便利，容易到达 | B13: =IFERROR(ROUND(AVERAGEIFS(问卷数据!$G:$G,问卷数据!$D:$D,$A$1,问卷数据!$G:$G,">0",问卷数据!$G:$G,"<11"),2),"") | C13: =IFERROR(ROUND(AVERAGEIFS(问卷数据!$H:$H,问卷数据!$D:$D,$A$1,问卷数据!$H:$H,">0",问卷数据!$H:$H,"<11"),2),"")
A14: 标识标牌清晰 | B14: =IFERROR(ROUND(AVERAGEIFS(问卷数据!$K:$K,问卷数据!$D:$D,$A$1,问卷数据!$K:$K,">0",问卷数据!$K:$K,"<11"),2),"") | C14: =IFERROR(ROUND(AVERAGEIFS(问卷数据!$L:$L,问卷数据!$D:$D,$A$1,问卷数据!$L:$L,">0",问卷数据!$L:$L,"<11"),2),"")
A15: 智慧场馆 | B15: =IFERROR(ROUND(AVERAGE(B16:B19),2),"") | C15: =IFERROR(ROUND(AVERAGE(C16:C19),2),"")
A16: 杭州国博APP | B16: =IFERROR(ROUND(AVERAGEIFS(问卷数据!$AV:$AV,问卷数据!$D:$D,$A$1,问卷数据!$AV:$AV,">0",问卷数据!$AV:$AV,"<11"),2),"") | C16: =IFERROR(ROUND(AVERAGEIFS(问卷数据!$AW:$AW,问卷数据!$D:$D,$A$1,问卷数据!$AW:$AW,">0",问卷数据!$AW:$AW,"<11"),2),"")
A17: 寻车系统 | B17: =IFERROR(ROUND(AVERAGEIFS(问卷数据!$BB:$BB,问卷数据!$D:$D,$A$1,问卷数据!$BB:$BB,">0",问卷数据!$BB:$BB,"<11"),2),"") | C17: =IFERROR(ROUND(AVERAGEIFS(问卷数据!$BC:$BC,问卷数据!$D:$D,$A$1,问卷数据!$BC:$BC,">0",问卷数据!$BC:$BC,"<11"),2),"")
A18: 室内导航系统 | B18: =IFERROR(ROUND(AVERAGEIFS(问卷数据!$AY:$AY,问卷数据!$D:$D,$A$1,问卷数据!$AY:$AY,">0",问卷数据!$AY:$AY,"<11"),2),"") | C18: =IFERROR(ROUND(AVERAGEIFS(问卷数据!$AZ:$AZ,问卷数据!$D:$D,$A$1,问卷数据!$AZ:$AZ,">0",问卷数据!$AZ:$AZ,"<11"),2),"")
A19: 云上看馆 | B19: =IFERROR(ROUND(AVERAGEIFS(问卷数据!$BE:$BE,问卷数据!$D:$D,$A$1,问卷数据!$BE:$BE,">0",问卷数据!$BE:$BE,"<11"),2),"") | C19: =IFERROR(ROUND(AVERAGEIFS(问卷数据!$BF:$BF,问卷数据!$D:$D,$A$1,问卷数据!$BF:$BF,">0",问卷数据!$BF:$BF,"<11"),2),"")

Sheet 旅游团餐
A1: 旅游团餐 | B1: =IFERROR(ROUND(AVERAGE(B3,B11,B15),2),"") | C1: =IFERROR(ROUND(AVERAGE(C3,C11,C15),2),"")
A2: 指标 | B2: 满意度 | C2: 重要性
A3: 餐饮服务 | B3: =IFERROR(ROUND(AVERAGE(B4:B10),2),"") | C3: =IFERROR(ROUND(AVERAGE(C4:C10),2),"")
A4: 菜品温度 | B4: =IFERROR(ROUND(AVERAGEIFS(问卷数据!$AK:$AK,问卷数据!$D:$D,$A$1,问卷数据!$AK:$AK,">0",问卷数据!$AK:$AK,"<11"),2),"") | C4: =IFERROR(ROUND(AVERAGEIFS(问卷数据!$AL:$AL,问卷数据!$D:$D,$A$1,问卷数据!$AL:$AL,">0",问卷数据!$AL:$AL,"<11"),2),"")
A5: 菜品分量 | B5: =IFERROR(ROUND(AVERAGEIFS(问卷数据!$AI:$AI,问卷数据!$D:$D,$A$1,问卷数据!$AI:$AI,">0",问卷数据!$AI:$AI,"<11"),2),"") | C5: =IFERROR(ROUND(AVERAGEIFS(问卷数据!$AJ:$AJ,问卷数据!$D:$D,$A$1,问卷数据!$AJ:$AJ,">0",问卷数据!$AJ:$AJ,"<11"),2),"")
A6: 供应速度 | B6: =IFERROR(ROUND(AVERAGEIFS(问卷数据!$AC:$AC,问卷数据!$D:$D,$A$1,问卷数据!$AC:$AC,">0",问卷数据!$AC:$AC,"<11"),2),"") | C6: =IFERROR(ROUND(AVERAGEIFS(问卷数据!$AD:$AD,问卷数据!$D:$D,$A$1,问卷数据!$AD:$AD,">0",问卷数据!$AD:$AD,"<11"),2),"")
A7: 菜品卫生 | B7: =IFERROR(ROUND(AVERAGEIFS(问卷数据!$AE:$AE,问卷数据!$D:$D,$A$1,问卷数据!$AE:$AE,">0",问卷数据!$AE:$AE,"<11"),2),"") | C7: =IFERROR(ROUND(AVERAGEIFS(问卷数据!$AF:$AF,问卷数据!$D:$D,$A$1,问卷数据!$AF:$AF,">0",问卷数据!$AF:$AF,"<11"),2),"")
A8: 工作人员服务品质 | B8: =IFERROR(ROUND(AVERAGEIFS(问卷数据!$AM:$AM,问卷数据!$D:$D,$A$1,问卷数据!$AM:$AM,">0",问卷数据!$AM:$AM,"<11"),2),"") | C8: =IFERROR(ROUND(AVERAGEIFS(问卷数据!$AN:$AN,问卷数据!$D:$D,$A$1,问卷数据!$AN:$AN,">0",问卷数据!$AN:$AN,"<11"),2),"")
A9: 就餐区域温度 | B9: =IFERROR(ROUND(AVERAGEIFS(问卷数据!$M:$M,问卷数据!$D:$D,$A$1,问卷数据!$M:$M,">0",问卷数据!$M:$M,"<11"),2),"") | C9: =IFERROR(ROUND(AVERAGEIFS(问卷数据!$N:$N,问卷数据!$D:$D,$A$1,问卷数据!$N:$N,">0",问卷数据!$N:$N,"<11"),2),"")
A10: 就餐区域卫生 | B10: =IFERROR(ROUND(AVERAGEIFS(问卷数据!$O:$O,问卷数据!$D:$D,$A$1,问卷数据!$O:$O,">0",问卷数据!$O:$O,"<11"),2),"") | C10: =IFERROR(ROUND(AVERAGEIFS(问卷数据!$P:$P,问卷数据!$D:$D,$A$1,问卷数据!$P:$P,">0",问卷数据!$P:$P,"<11"),2),"")
A11: 硬件设施 | B11: =IFERROR(ROUND(AVERAGE(B12:B14),2),"") | C11: =IFERROR(ROUND(AVERAGE(C12:C14),2),"")
A12: 园区停车方便 | B12: =IFERROR(ROUND(AVERAGEIFS(问卷数据!$I:$I,问卷数据!$D:$D,$A$1,问卷数据!$I:$I,">0",问卷数据!$I:$I,"<11"),2),"") | C12: =IFERROR(ROUND(AVERAGEIFS(问卷数据!$J:$J,问卷数据!$D:$D,$A$1,问卷数据!$J:$J,">0",问卷数据!$J:$J,"<11"),2),"")
A13: 交通便利，容易到达 | B13: =IFERROR(ROUND(AVERAGEIFS(问卷数据!$G:$G,问卷数据!$D:$D,$A$1,问卷数据!$G:$G,">0",问卷数据!$G:$G,"<11"),2),"") | C13: =IFERROR(ROUND(AVERAGEIFS(问卷数据!$H:$H,问卷数据!$D:$D,$A$1,问卷数据!$H:$H,">0",问卷数据!$H:$H,"<11"),2),"")
A14: 标识标牌清晰 | B14: =IFERROR(ROUND(AVERAGEIFS(问卷数据!$K:$K,问卷数据!$D:$D,$A$1,问卷数据!$K:$K,">0",问卷数据!$K:$K,"<11"),2),"") | C14: =IFERROR(ROUND(AVERAGEIFS(问卷数据!$L:$L,问卷数据!$D:$D,$A$1,问卷数据!$L:$L,">0",问卷数据!$L:$L,"<11"),2),"")
A15: 智慧场馆 | B15: =IFERROR(ROUND(AVERAGE(B16:B19),2),"") | C15: =IFERROR(ROUND(AVERAGE(C16:C19),2),"")
A16: 杭州国博APP | B16: =IFERROR(ROUND(AVERAGEIFS(问卷数据!$AV:$AV,问卷数据!$D:$D,$A$1,问卷数据!$AV:$AV,">0",问卷数据!$AV:$AV,"<11"),2),"") | C16: =IFERROR(ROUND(AVERAGEIFS(问卷数据!$AW:$AW,问卷数据!$D:$D,$A$1,问卷数据!$AW:$AW,">0",问卷数据!$AW:$AW,"<11"),2),"")
A17: 寻车系统 | B17: =IFERROR(ROUND(AVERAGEIFS(问卷数据!$BB:$BB,问卷数据!$D:$D,$A$1,问卷数据!$BB:$BB,">0",问卷数据!$BB:$BB,"<11"),2),"") | C17: =IFERROR(ROUND(AVERAGEIFS(问卷数据!$BC:$BC,问卷数据!$D:$D,$A$1,问卷数据!$BC:$BC,">0",问卷数据!$BC:$BC,"<11"),2),"")
A18: 室内导航系统 | B18: =IFERROR(ROUND(AVERAGEIFS(问卷数据!$AY:$AY,问卷数据!$D:$D,$A$1,问卷数据!$AY:$AY,">0",问卷数据!$AY:$AY,"<11"),2),"") | C18: =IFERROR(ROUND(AVERAGEIFS(问卷数据!$AZ:$AZ,问卷数据!$D:$D,$A$1,问卷数据!$AZ:$AZ,">0",问卷数据!$AZ:$AZ,"<11"),2),"")
A19: 云上看馆 | B19: =IFERROR(ROUND(AVERAGEIFS(问卷数据!$BE:$BE,问卷数据!$D:$D,$A$1,问卷数据!$BE:$BE,">0",问卷数据!$BE:$BE,"<11"),2),"") | C19: =IFERROR(ROUND(AVERAGEIFS(问卷数据!$BF:$BF,问卷数据!$D:$D,$A$1,问卷数据!$BF:$BF,">0",问卷数据!$BF:$BF,"<11"),2),"")

Sheet 宴会
A1: 宴会 | B1: =IFERROR(ROUND(AVERAGE(B3,B13,B18),2),"") | C1: =IFERROR(ROUND(AVERAGE(C3,C13,C18),2),"")
A2: 指标 | B2: 满意度 | C2: 重要性
A3: 餐饮服务 | B3: =IFERROR(ROUND(AVERAGE(B4:B12),2),"") | C3: =IFERROR(ROUND(AVERAGE(C4:C12),2),"")
A4: 菜品温度 | B4: =IFERROR(ROUND(AVERAGEIFS(问卷数据!$AK:$AK,问卷数据!D:D,A1,问卷数据!$AK:$AK,">0",问卷数据!$AK:$AK,"<11"),2),"") | C4: =IFERROR(ROUND(AVERAGEIFS(问卷数据!$AL:$AL,问卷数据!$D:$D,$A1,问卷数据!$AL:$AL,">0",问卷数据!$AL:$AL,"<11"),2),"")
A5: 菜肴品种 | B5: =IFERROR(ROUND(AVERAGEIFS(问卷数据!AG:AG,问卷数据!$D:$D,$A$1,问卷数据!AG:AG,">0",问卷数据!AG:AG,"<11"),2),"") | C5: =IFERROR(ROUND(AVERAGEIFS(问卷数据!AH:AH,问卷数据!$D:$D,$A$1,问卷数据!AH:AH,">0",问卷数据!AH:AH,"<11"),2),"")
A6: 菜品供应速度 | B6: =IFERROR(ROUND(AVERAGEIFS(问卷数据!$AC:$AC,问卷数据!$D:$D,$A$1,问卷数据!$AC:$AC,">0",问卷数据!$AC:$AC,"<11"),2),"") | C6: =IFERROR(ROUND(AVERAGEIFS(问卷数据!$AD:$AD,问卷数据!$D:$D,$A$1,问卷数据!$AD:$AD,">0",问卷数据!$AD:$AD,"<11"),2),"")
A7: 菜品口味品相 | B7: =IFERROR(ROUND(AVERAGEIFS(问卷数据!$AA:$AA,问卷数据!$D:$D,$A$1,问卷数据!$AA:$AA,">0",问卷数据!$AA:$AA,"<11"),2),"") | C7: =IFERROR(ROUND(AVERAGEIFS(问卷数据!$AB:$AB,问卷数据!$D:$D,$A$1,问卷数据!$AB:$AB,">0",问卷数据!$AB:$AB,"<11"),2),"")
A8: 菜品地方特色 | B8: =IFERROR(ROUND(AVERAGEIFS(问卷数据!$U:$U,问卷数据!$D:$D,$A$1,问卷数据!$U:$U,">0",问卷数据!$U:$U,"<11"),2),"") | C8: =IFERROR(ROUND(AVERAGEIFS(问卷数据!$V:$V,问卷数据!$D:$D,$A$1,问卷数据!$V:$V,">0",问卷数据!$V:$V,"<11"),2),"")
A9: 接待指引 | B9: =IFERROR(ROUND(AVERAGEIFS(问卷数据!$S:$S,问卷数据!$D:$D,$A$1,问卷数据!$S:$S,">0",问卷数据!$S:$S,"<11"),2),"") | C9: =IFERROR(ROUND(AVERAGEIFS(问卷数据!$T:$T,问卷数据!$D:$D,$A$1,问卷数据!$T:$T,">0",问卷数据!$T:$T,"<11"),2),"")
A10: 就餐区域温度 | B10: =IFERROR(ROUND(AVERAGEIFS(问卷数据!$M:$M,问卷数据!$D:$D,$A$1,问卷数据!$M:$M,">0",问卷数据!$M:$M,"<11"),2),"") | C10: =IFERROR(ROUND(AVERAGEIFS(问卷数据!$N:$N,问卷数据!$D:$D,$A$1,问卷数据!$N:$N,">0",问卷数据!$N:$N,"<11"),2),"")
A11: 就餐区域卫生 | B11: =IFERROR(ROUND(AVERAGEIFS(问卷数据!$O:$O,问卷数据!$D:$D,$A$1,问卷数据!$O:$O,">0",问卷数据!$O:$O,"<11"),2),"") | C11: =IFERROR(ROUND(AVERAGEIFS(问卷数据!$P:$P,问卷数据!$D:$D,$A$1,问卷数据!$P:$P,">0",问卷数据!$P:$P,"<11"),2),"")
A12: 工作人员服务品质 | B12: =IFERROR(ROUND(AVERAGEIFS(问卷数据!$AM:$AM,问卷数据!$D:$D,$A$1,问卷数据!$AM:$AM,">0",问卷数据!$AM:$AM,"<11"),2),"") | C12: =IFERROR(ROUND(AVERAGEIFS(问卷数据!$AN:$AN,问卷数据!$D:$D,$A$1,问卷数据!$AN:$AN,">0",问卷数据!$AN:$AN,"<11"),2),"")
A13: 硬件设施 | B13: =IFERROR(ROUND(AVERAGE(B14:B17),2),"") | C13: =IFERROR(ROUND(AVERAGE(C14:C17),2),"")
A14: 标识标牌清晰 | B14: =IFERROR(ROUND(AVERAGEIFS(问卷数据!$K:$K,问卷数据!$D:$D,$A$1,问卷数据!$K:$K,">0",问卷数据!$K:$K,"<11"),2),"") | C14: =IFERROR(ROUND(AVERAGEIFS(问卷数据!$L:$L,问卷数据!$D:$D,$A$1,问卷数据!$L:$L,">0",问卷数据!$L:$L,"<11"),2),"")
A15: 宴会视听设备 | B15: =IFERROR(ROUND(AVERAGEIFS(问卷数据!$Q:$Q,问卷数据!$D:$D,$A$1,问卷数据!$Q:$Q,">0",问卷数据!$Q:$Q,"<11"),2),"") | C15: =IFERROR(ROUND(AVERAGEIFS(问卷数据!$R:$R,问卷数据!$D:$D,$A$1,问卷数据!$R:$R,">0",问卷数据!$R:$R,"<11"),2),"")
A16: 园区停车方便 | B16: =IFERROR(ROUND(AVERAGEIFS(问卷数据!$I:$I,问卷数据!$D:$D,$A$1,问卷数据!$I:$I,">0",问卷数据!$I:$I,"<11"),2),"") | C16: =IFERROR(ROUND(AVERAGEIFS(问卷数据!$J:$J,问卷数据!$D:$D,$A$1,问卷数据!$J:$J,">0",问卷数据!$J:$J,"<11"),2),"")
A17: 交通便利，容易到达 | B17: =IFERROR(ROUND(AVERAGEIFS(问卷数据!$G:$G,问卷数据!$D:$D,$A$1,问卷数据!$G:$G,">0",问卷数据!$G:$G,"<11"),2),"") | C17: =IFERROR(ROUND(AVERAGEIFS(问卷数据!$H:$H,问卷数据!$D:$D,$A$1,问卷数据!$H:$H,">0",问卷数据!$H:$H,"<11"),2),"")
A18: 智慧场馆 | B18: =IFERROR(ROUND(AVERAGE(B19:B22),2),"") | C18: =IFERROR(ROUND(AVERAGE(C19:C22),2),"")
A19: 杭州国博APP | B19: =IFERROR(ROUND(AVERAGEIFS(问卷数据!$AV:$AV,问卷数据!$D:$D,$A$1,问卷数据!$AV:$AV,">0",问卷数据!$AV:$AV,"<11"),2),"") | C19: =IFERROR(ROUND(AVERAGEIFS(问卷数据!$AW:$AW,问卷数据!$D:$D,$A$1,问卷数据!$AW:$AW,">0",问卷数据!$AW:$AW,"<11"),2),"")
A20: 寻车系统 | B20: =IFERROR(ROUND(AVERAGEIFS(问卷数据!$BB:$BB,问卷数据!$D:$D,$A$1,问卷数据!$BB:$BB,">0",问卷数据!$BB:$BB,"<11"),2),"") | C20: =IFERROR(ROUND(AVERAGEIFS(问卷数据!$BC:$BC,问卷数据!$D:$D,$A$1,问卷数据!$BC:$BC,">0",问卷数据!$BC:$BC,"<11"),2),"")
A21: 室内导航系统 | B21: =IFERROR(ROUND(AVERAGEIFS(问卷数据!$AY:$AY,问卷数据!$D:$D,$A$1,问卷数据!$AY:$AY,">0",问卷数据!$AY:$AY,"<11"),2),"") | C21: =IFERROR(ROUND(AVERAGEIFS(问卷数据!$AZ:$AZ,问卷数据!$D:$D,$A$1,问卷数据!$AZ:$AZ,">0",问卷数据!$AZ:$AZ,"<11"),2),"")
A22: 云上看馆 | B22: =IFERROR(ROUND(AVERAGEIFS(问卷数据!$BE:$BE,问卷数据!$D:$D,$A$1,问卷数据!$BE:$BE,">0",问卷数据!$BE:$BE,"<11"),2),"") | C22: =IFERROR(ROUND(AVERAGEIFS(问卷数据!$BF:$BF,问卷数据!$D:$D,$A$1,问卷数据!$BF:$BF,">0",问卷数据!$BF:$BF,"<11"),2),"")

Sheet 婚宴
A1: 婚宴 | B1: =IFERROR(ROUND(AVERAGE(B3,B15,B20),2),"") | C1: =IFERROR(ROUND(AVERAGE(C3,C15,C20),2),"")
A2: 指标 | B2: 满意度 | C2: 重要性
A3: 餐饮服务 | B3: =IFERROR(ROUND(AVERAGE(B4:B14),2),"") | C3: =IFERROR(ROUND(AVERAGE(C4:C14),2),"")
A4: 接待指引 | B4: =IFERROR(ROUND(AVERAGEIFS(问卷数据!$S:$S,问卷数据!$D:$D,$A$1,问卷数据!$S:$S,">0",问卷数据!$S:$S,"<11"),2),"") | C4: =IFERROR(ROUND(AVERAGEIFS(问卷数据!$T:$T,问卷数据!$D:$D,$A$1,问卷数据!$T:$T,">0",问卷数据!$T:$T,"<11"),2),"")
A5: 菜品口味品相 | B5: =IFERROR(ROUND(AVERAGEIFS(问卷数据!$AA:$AA,问卷数据!$D:$D,$A$1,问卷数据!$AA:$AA,">0",问卷数据!$AA:$AA,"<11"),2),"") | C5: =IFERROR(ROUND(AVERAGEIFS(问卷数据!$AB:$AB,问卷数据!$D:$D,$A$1,问卷数据!$AB:$AB,">0",问卷数据!$AB:$AB,"<11"),2),"")
A6: 菜品地方特色 | B6: =IFERROR(ROUND(AVERAGEIFS(问卷数据!$U:$U,问卷数据!$D:$D,$A$1,问卷数据!$U:$U,">0",问卷数据!$U:$U,"<11"),2),"") | C6: =IFERROR(ROUND(AVERAGEIFS(问卷数据!$V:$V,问卷数据!$D:$D,$A$1,问卷数据!$V:$V,">0",问卷数据!$V:$V,"<11"),2),"")
A7: 菜品供应速度 | B7: =IFERROR(ROUND(AVERAGEIFS(问卷数据!$AC:$AC,问卷数据!$D:$D,$A$1,问卷数据!$AC:$AC,">0",问卷数据!$AC:$AC,"<11"),2),"") | C7: =IFERROR(ROUND(AVERAGEIFS(问卷数据!$AD:$AD,问卷数据!$D:$D,$A$1,问卷数据!$AD:$AD,">0",问卷数据!$AD:$AD,"<11"),2),"")
A8: 就餐区域温度 | B8: =IFERROR(ROUND(AVERAGEIFS(问卷数据!$M:$M,问卷数据!$D:$D,$A$1,问卷数据!$M:$M,">0",问卷数据!$M:$M,"<11"),2),"") | C8: =IFERROR(ROUND(AVERAGEIFS(问卷数据!$N:$N,问卷数据!$D:$D,$A$1,问卷数据!$N:$N,">0",问卷数据!$N:$N,"<11"),2),"")
A9: 就餐区域卫生 | B9: =IFERROR(ROUND(AVERAGEIFS(问卷数据!$O:$O,问卷数据!$D:$D,$A$1,问卷数据!$O:$O,">0",问卷数据!$O:$O,"<11"),2),"") | C9: =IFERROR(ROUND(AVERAGEIFS(问卷数据!$P:$P,问卷数据!$D:$D,$A$1,问卷数据!$P:$P,">0",问卷数据!$P:$P,"<11"),2),"")
A10: 工作人员仪容仪表 | B10: =IFERROR(ROUND(AVERAGEIFS(问卷数据!$AQ:$AQ,问卷数据!$D:$D,$A$1,问卷数据!$AQ:$AQ,">0",问卷数据!$AQ:$AQ,"<11"),2),"") | C10: =IFERROR(ROUND(AVERAGEIFS(问卷数据!$AR:$AR,问卷数据!$D:$D,$A$1,问卷数据!$AR:$AR,">0",问卷数据!$AR:$AR,"<11"),2),"")
A11: 工作人员服务态度 | B11: =IFERROR(ROUND(AVERAGEIFS(问卷数据!$AO:$AO,问卷数据!$D:$D,$A$1,问卷数据!$AO:$AO,">0",问卷数据!$AO:$AO,"<11"),2),"") | C11: =IFERROR(ROUND(AVERAGEIFS(问卷数据!$AP:$AP,问卷数据!$D:$D,$A$1,问卷数据!$AP:$AP,">0",问卷数据!$AP:$AP,"<11"),2),"")
A12: 工作人员业务技能 | B12: =IFERROR(ROUND(AVERAGEIFS(问卷数据!$AS:$AS,问卷数据!$D:$D,$A$1,问卷数据!$AS:$AS,">0",问卷数据!$AS:$AS,"<11"),2),"") | C12: =IFERROR(ROUND(AVERAGEIFS(问卷数据!$AT:$AT,问卷数据!$D:$D,$A$1,问卷数据!$AT:$AT,">0",问卷数据!$AT:$AT,"<11"),2),"")
A13: 婚宴茶歇 | B13: =IFERROR(ROUND(AVERAGEIFS(问卷数据!W:W,问卷数据!$D:$D,$A$1,问卷数据!W:W,">0",问卷数据!W:W,"<11"),2),"") | C13: =IFERROR(ROUND(AVERAGEIFS(问卷数据!X:X,问卷数据!$D:$D,$A$1,问卷数据!X:X,">0",问卷数据!X:X,"<11"),2),"")
A14: 菜品温度 | B14: =IFERROR(ROUND(AVERAGEIFS(问卷数据!$AK:$AK,问卷数据!D:D,$A$1,问卷数据!$AK:$AK,">0",问卷数据!$AK:$AK,"<11"),2),"") | C14: =IFERROR(ROUND(AVERAGEIFS(问卷数据!$AL:$AL,问卷数据!$D:$D,$A$1,问卷数据!$AL:$AL,">0",问卷数据!$AL:$AL,"<11"),2),"")
A15: 硬件设施 | B15: =IFERROR(ROUND(AVERAGE(B16:B19),2),"") | C15: =IFERROR(ROUND(AVERAGE(C16:C19),2),"")
A16: 园区停车方便 | B16: =IFERROR(ROUND(AVERAGEIFS(问卷数据!$I:$I,问卷数据!$D:$D,$A$1,问卷数据!$I:$I,">0",问卷数据!$I:$I,"<11"),2),"") | C16: =IFERROR(ROUND(AVERAGEIFS(问卷数据!$J:$J,问卷数据!$D:$D,$A$1,问卷数据!$J:$J,">0",问卷数据!$J:$J,"<11"),2),"")
A17: 交通便利，容易到达 | B17: =IFERROR(ROUND(AVERAGEIFS(问卷数据!$G:$G,问卷数据!$D:$D,$A$1,问卷数据!$G:$G,">0",问卷数据!$G:$G,"<11"),2),"") | C17: =IFERROR(ROUND(AVERAGEIFS(问卷数据!$H:$H,问卷数据!$D:$D,$A$1,问卷数据!$H:$H,">0",问卷数据!$H:$H,"<11"),2),"")
A18: 标识标牌清晰 | B18: =IFERROR(ROUND(AVERAGEIFS(问卷数据!$K:$K,问卷数据!$D:$D,$A$1,问卷数据!$K:$K,">0",问卷数据!$K:$K,"<11"),2),"") | C18: =IFERROR(ROUND(AVERAGEIFS(问卷数据!$L:$L,问卷数据!$D:$D,$A$1,问卷数据!$L:$L,">0",问卷数据!$L:$L,"<11"),2),"")
A19: 宴会视听设备 | B19: =IFERROR(ROUND(AVERAGEIFS(问卷数据!$Q:$Q,问卷数据!$D:$D,$A$1,问卷数据!$Q:$Q,">0",问卷数据!$Q:$Q,"<11"),2),"") | C19: =IFERROR(ROUND(AVERAGEIFS(问卷数据!$R:$R,问卷数据!$D:$D,$A$1,问卷数据!$R:$R,">0",问卷数据!$R:$R,"<11"),2),"")
A20: 智慧场馆 | B20: =IFERROR(ROUND(AVERAGE(B21:B24),2),"") | C20: =IFERROR(ROUND(AVERAGE(C21:C24),2),"")
A21: 杭州国博APP | B21: =IFERROR(ROUND(AVERAGEIFS(问卷数据!$AV:$AV,问卷数据!$D:$D,$A$1,问卷数据!$AV:$AV,">0",问卷数据!$AV:$AV,"<11"),2),"") | C21: =IFERROR(ROUND(AVERAGEIFS(问卷数据!$AW:$AW,问卷数据!$D:$D,$A$1,问卷数据!$AW:$AW,">0",问卷数据!$AW:$AW,"<11"),2),"")
A22: 寻车系统 | B22: =IFERROR(ROUND(AVERAGEIFS(问卷数据!$BB:$BB,问卷数据!$D:$D,$A$1,问卷数据!$BB:$BB,">0",问卷数据!$BB:$BB,"<11"),2),"") | C22: =IFERROR(ROUND(AVERAGEIFS(问卷数据!$BC:$BC,问卷数据!$D:$D,$A$1,问卷数据!$BC:$BC,">0",问卷数据!$BC:$BC,"<11"),2),"")
A23: 室内导航系统 | B23: =IFERROR(ROUND(AVERAGEIFS(问卷数据!$AY:$AY,问卷数据!$D:$D,$A$1,问卷数据!$AY:$AY,">0",问卷数据!$AY:$AY,"<11"),2),"") | C23: =IFERROR(ROUND(AVERAGEIFS(问卷数据!$AZ:$AZ,问卷数据!$D:$D,$A$1,问卷数据!$AZ:$AZ,">0",问卷数据!$AZ:$AZ,"<11"),2),"")
A24: 云上看馆 | B24: =IFERROR(ROUND(AVERAGEIFS(问卷数据!$BE:$BE,问卷数据!$D:$D,$A$1,问卷数据!$BE:$BE,">0",问卷数据!$BE:$BE,"<11"),2),"") | C24: =IFERROR(ROUND(AVERAGEIFS(问卷数据!$BF:$BF,问卷数据!$D:$D,$A$1,问卷数据!$BF:$BF,">0",问卷数据!$BF:$BF,"<11"),2),"")

Sheet 自助餐
A1: 自助餐 | B1: =IFERROR(ROUND(AVERAGE(B3,B12,B16),2),"") | C1: =IFERROR(ROUND(AVERAGE(C3,C12,C16),2),"")
A2: 指标 | B2: 满意度 | C2: 重要性
A3: 餐饮服务 | B3: =IFERROR(ROUND(AVERAGE(B4:B11),2),"") | C3: =IFERROR(ROUND(AVERAGE(C4:C11),2),"")
A4: 菜肴品种 | B4: =IFERROR(ROUND(AVERAGEIFS(问卷数据!AG:AG,问卷数据!$D:$D,$A$1,问卷数据!AG:AG,">0",问卷数据!AG:AG,"<11"),2),"") | C4: =IFERROR(ROUND(AVERAGEIFS(问卷数据!AH:AH,问卷数据!$D:$D,$A$1,问卷数据!AH:AH,">0",问卷数据!AH:AH,"<11"),2),"")
A5: 菜品供应速度 | B5: =IFERROR(ROUND(AVERAGEIFS(问卷数据!$AC:$AC,问卷数据!$D:$D,$A$1,问卷数据!$AC:$AC,">0",问卷数据!$AC:$AC,"<11"),2),"") | C5: =IFERROR(ROUND(AVERAGEIFS(问卷数据!$AD:$AD,问卷数据!$D:$D,$A$1,问卷数据!$AD:$AD,">0",问卷数据!$AD:$AD,"<11"),2),"")
A6: 菜品口味口相 | B6: =IFERROR(ROUND(AVERAGEIFS(问卷数据!$AA:$AA,问卷数据!$D:$D,$A$1,问卷数据!$AA:$AA,">0",问卷数据!$AA:$AA,"<11"),2),"") | C6: =IFERROR(ROUND(AVERAGEIFS(问卷数据!$AB:$AB,问卷数据!$D:$D,$A$1,问卷数据!$AB:$AB,">0",问卷数据!$AB:$AB,"<11"),2),"")
A7: 菜品地方特色 | B7: =IFERROR(ROUND(AVERAGEIFS(问卷数据!$U:$U,问卷数据!$D:$D,$A$1,问卷数据!$U:$U,">0",问卷数据!$U:$U,"<11"),2),"") | C7: =IFERROR(ROUND(AVERAGEIFS(问卷数据!$V:$V,问卷数据!$D:$D,$A$1,问卷数据!$V:$V,">0",问卷数据!$V:$V,"<11"),2),"")
A8: 接待指引 | B8: =IFERROR(ROUND(AVERAGEIFS(问卷数据!$S:$S,问卷数据!$D:$D,$A$1,问卷数据!$S:$S,">0",问卷数据!$S:$S,"<11"),2),"") | C8: =IFERROR(ROUND(AVERAGEIFS(问卷数据!$T:$T,问卷数据!$D:$D,$A$1,问卷数据!$T:$T,">0",问卷数据!$T:$T,"<11"),2),"")
A9: 工作人员服务品质 | B9: =IFERROR(ROUND(AVERAGEIFS(问卷数据!$AM:$AM,问卷数据!$D:$D,$A$1,问卷数据!$AM:$AM,">0",问卷数据!$AM:$AM,"<11"),2),"") | C9: =IFERROR(ROUND(AVERAGEIFS(问卷数据!$AN:$AN,问卷数据!$D:$D,$A$1,问卷数据!$AN:$AN,">0",问卷数据!$AN:$AN,"<11"),2),"")
A10: 就餐区域温度 | B10: =IFERROR(ROUND(AVERAGEIFS(问卷数据!$M:$M,问卷数据!$D:$D,$A$1,问卷数据!$M:$M,">0",问卷数据!$M:$M,"<11"),2),"") | C10: =IFERROR(ROUND(AVERAGEIFS(问卷数据!$N:$N,问卷数据!$D:$D,$A$1,问卷数据!$N:$N,">0",问卷数据!$N:$N,"<11"),2),"")
A11: 就餐区域卫生 | B11: =IFERROR(ROUND(AVERAGEIFS(问卷数据!$O:$O,问卷数据!$D:$D,$A$1,问卷数据!$O:$O,">0",问卷数据!$O:$O,"<11"),2),"") | C11: =IFERROR(ROUND(AVERAGEIFS(问卷数据!$P:$P,问卷数据!$D:$D,$A$1,问卷数据!$P:$P,">0",问卷数据!$P:$P,"<11"),2),"")
A12: 硬件设施 | B12: =IFERROR(ROUND(AVERAGE(B13:B15),2),"") | C12: =IFERROR(ROUND(AVERAGE(C13:C15),2),"")
A13: 园区停车方便 | B13: =IFERROR(ROUND(AVERAGEIFS(问卷数据!$I:$I,问卷数据!$D:$D,$A$1,问卷数据!$I:$I,">0",问卷数据!$I:$I,"<11"),2),"") | C13: =IFERROR(ROUND(AVERAGEIFS(问卷数据!$J:$J,问卷数据!$D:$D,$A$1,问卷数据!$J:$J,">0",问卷数据!$J:$J,"<11"),2),"")
A14: 交通便利，容易到达 | B14: =IFERROR(ROUND(AVERAGEIFS(问卷数据!$G:$G,问卷数据!$D:$D,$A$1,问卷数据!$G:$G,">0",问卷数据!$G:$G,"<11"),2),"") | C14: =IFERROR(ROUND(AVERAGEIFS(问卷数据!$H:$H,问卷数据!$D:$D,$A$1,问卷数据!$H:$H,">0",问卷数据!$H:$H,"<11"),2),"")
A15: 标识标牌清晰 | B15: =IFERROR(ROUND(AVERAGEIFS(问卷数据!$K:$K,问卷数据!$D:$D,$A$1,问卷数据!$K:$K,">0",问卷数据!$K:$K,"<11"),2),"") | C15: =IFERROR(ROUND(AVERAGEIFS(问卷数据!$L:$L,问卷数据!$D:$D,$A$1,问卷数据!$L:$L,">0",问卷数据!$L:$L,"<11"),2),"")
A16: 智慧场馆 | B16: =IFERROR(ROUND(AVERAGE(B17:B20),2),"") | C16: =IFERROR(ROUND(AVERAGE(C17:C20),2),"")
A17: 杭州国博APP | B17: =IFERROR(ROUND(AVERAGEIFS(问卷数据!$AV:$AV,问卷数据!$D:$D,$A$1,问卷数据!$AV:$AV,">0",问卷数据!$AV:$AV,"<11"),2),"") | C17: =IFERROR(ROUND(AVERAGEIFS(问卷数据!$AW:$AW,问卷数据!$D:$D,$A$1,问卷数据!$AW:$AW,">0",问卷数据!$AW:$AW,"<11"),2),"")
A18: 室内导航系统 | B18: =IFERROR(ROUND(AVERAGEIFS(问卷数据!$AY:$AY,问卷数据!$D:$D,$A$1,问卷数据!$AY:$AY,">0",问卷数据!$AY:$AY,"<11"),2),"") | C18: =IFERROR(ROUND(AVERAGEIFS(问卷数据!$AZ:$AZ,问卷数据!$D:$D,$A$1,问卷数据!$AZ:$AZ,">0",问卷数据!$AZ:$AZ,"<11"),2),"")
A19: 寻车系统 | B19: =IFERROR(ROUND(AVERAGEIFS(问卷数据!$BB:$BB,问卷数据!$D:$D,$A$1,问卷数据!$BB:$BB,">0",问卷数据!$BB:$BB,"<11"),2),"") | C19: =IFERROR(ROUND(AVERAGEIFS(问卷数据!$BC:$BC,问卷数据!$D:$D,$A$1,问卷数据!$BC:$BC,">0",问卷数据!$BC:$BC,"<11"),2),"")
A20: 云上看馆 | B20: =IFERROR(ROUND(AVERAGEIFS(问卷数据!$BE:$BE,问卷数据!$D:$D,$A$1,问卷数据!$BE:$BE,">0",问卷数据!$BE:$BE,"<11"),2),"") | C20: =IFERROR(ROUND(AVERAGEIFS(问卷数据!$BF:$BF,问卷数据!$D:$D,$A$1,问卷数据!$BF:$BF,">0",问卷数据!$BF:$BF,"<11"),2),"")

Sheet 酒店宴会
A1: 酒店宴会 | B1: =IFERROR(ROUND(AVERAGE(B3,B13,B18),2),"") | C1: =IFERROR(ROUND(AVERAGE(C3,C13,C18),2),"")
A2: 指标 | B2: 满意度 | C2: 重要性
A3: 餐饮服务 | B3: =IFERROR(ROUND(AVERAGE(B4:B12),2),"") | C3: =IFERROR(ROUND(AVERAGE(C4:C12),2),"")
A4: 菜品温度 | B4: =IFERROR(ROUND(AVERAGEIFS(问卷数据!$AK:$AK,问卷数据!D:D,A1,问卷数据!$AK:$AK,">0",问卷数据!$AK:$AK,"<11"),2),"") | C4: =IFERROR(ROUND(AVERAGEIFS(问卷数据!$AL:$AL,问卷数据!$D:$D,$A1,问卷数据!$AL:$AL,">0",问卷数据!$AL:$AL,"<11"),2),"")
A5: 菜肴品种 | B5: =IFERROR(ROUND(AVERAGEIFS(问卷数据!AG:AG,问卷数据!$D:$D,$A$1,问卷数据!AG:AG,">0",问卷数据!AG:AG,"<11"),2),"") | C5: =IFERROR(ROUND(AVERAGEIFS(问卷数据!AH:AH,问卷数据!$D:$D,$A$1,问卷数据!AH:AH,">0",问卷数据!AH:AH,"<11"),2),"")
A6: 菜品供应速度 | B6: =IFERROR(ROUND(AVERAGEIFS(问卷数据!$AC:$AC,问卷数据!$D:$D,$A$1,问卷数据!$AC:$AC,">0",问卷数据!$AC:$AC,"<11"),2),"") | C6: =IFERROR(ROUND(AVERAGEIFS(问卷数据!$AD:$AD,问卷数据!$D:$D,$A$1,问卷数据!$AD:$AD,">0",问卷数据!$AD:$AD,"<11"),2),"")
A7: 菜品口味品相 | B7: =IFERROR(ROUND(AVERAGEIFS(问卷数据!$AA:$AA,问卷数据!$D:$D,$A$1,问卷数据!$AA:$AA,">0",问卷数据!$AA:$AA,"<11"),2),"") | C7: =IFERROR(ROUND(AVERAGEIFS(问卷数据!$AB:$AB,问卷数据!$D:$D,$A$1,问卷数据!$AB:$AB,">0",问卷数据!$AB:$AB,"<11"),2),"")
A8: 菜品地方特色 | B8: =IFERROR(ROUND(AVERAGEIFS(问卷数据!$U:$U,问卷数据!$D:$D,$A$1,问卷数据!$U:$U,">0",问卷数据!$U:$U,"<11"),2),"") | C8: =IFERROR(ROUND(AVERAGEIFS(问卷数据!$V:$V,问卷数据!$D:$D,$A$1,问卷数据!$V:$V,">0",问卷数据!$V:$V,"<11"),2),"")
A9: 接待指引 | B9: =IFERROR(ROUND(AVERAGEIFS(问卷数据!$S:$S,问卷数据!$D:$D,$A$1,问卷数据!$S:$S,">0",问卷数据!$S:$S,"<11"),2),"") | C9: =IFERROR(ROUND(AVERAGEIFS(问卷数据!$T:$T,问卷数据!$D:$D,$A$1,问卷数据!$T:$T,">0",问卷数据!$T:$T,"<11"),2),"")
A10: 就餐区域温度 | B10: =IFERROR(ROUND(AVERAGEIFS(问卷数据!$M:$M,问卷数据!$D:$D,$A$1,问卷数据!$M:$M,">0",问卷数据!$M:$M,"<11"),2),"") | C10: =IFERROR(ROUND(AVERAGEIFS(问卷数据!$N:$N,问卷数据!$D:$D,$A$1,问卷数据!$N:$N,">0",问卷数据!$N:$N,"<11"),2),"")
A11: 就餐区域卫生 | B11: =IFERROR(ROUND(AVERAGEIFS(问卷数据!$O:$O,问卷数据!$D:$D,$A$1,问卷数据!$O:$O,">0",问卷数据!$O:$O,"<11"),2),"") | C11: =IFERROR(ROUND(AVERAGEIFS(问卷数据!$P:$P,问卷数据!$D:$D,$A$1,问卷数据!$P:$P,">0",问卷数据!$P:$P,"<11"),2),"")
A12: 工作人员服务品质 | B12: =IFERROR(ROUND(AVERAGEIFS(问卷数据!$AM:$AM,问卷数据!$D:$D,$A$1,问卷数据!$AM:$AM,">0",问卷数据!$AM:$AM,"<11"),2),"") | C12: =IFERROR(ROUND(AVERAGEIFS(问卷数据!$AN:$AN,问卷数据!$D:$D,$A$1,问卷数据!$AN:$AN,">0",问卷数据!$AN:$AN,"<11"),2),"")
A13: 硬件设施 | B13: =IFERROR(ROUND(AVERAGE(B14:B17),2),"") | C13: =IFERROR(ROUND(AVERAGE(C14:C17),2),"")
A14: 标识标牌清晰 | B14: =IFERROR(ROUND(AVERAGEIFS(问卷数据!$K:$K,问卷数据!$D:$D,$A$1,问卷数据!$K:$K,">0",问卷数据!$K:$K,"<11"),2),"") | C14: =IFERROR(ROUND(AVERAGEIFS(问卷数据!$L:$L,问卷数据!$D:$D,$A$1,问卷数据!$L:$L,">0",问卷数据!$L:$L,"<11"),2),"")
A15: 宴会视听设备 | B15: =IFERROR(ROUND(AVERAGEIFS(问卷数据!$Q:$Q,问卷数据!$D:$D,$A$1,问卷数据!$Q:$Q,">0",问卷数据!$Q:$Q,"<11"),2),"") | C15: =IFERROR(ROUND(AVERAGEIFS(问卷数据!$R:$R,问卷数据!$D:$D,$A$1,问卷数据!$R:$R,">0",问卷数据!$R:$R,"<11"),2),"")
A16: 园区停车方便 | B16: =IFERROR(ROUND(AVERAGEIFS(问卷数据!$I:$I,问卷数据!$D:$D,$A$1,问卷数据!$I:$I,">0",问卷数据!$I:$I,"<11"),2),"") | C16: =IFERROR(ROUND(AVERAGEIFS(问卷数据!$J:$J,问卷数据!$D:$D,$A$1,问卷数据!$J:$J,">0",问卷数据!$J:$J,"<11"),2),"")
A17: 交通便利，容易到达 | B17: =IFERROR(ROUND(AVERAGEIFS(问卷数据!$G:$G,问卷数据!$D:$D,$A$1,问卷数据!$G:$G,">0",问卷数据!$G:$G,"<11"),2),"") | C17: =IFERROR(ROUND(AVERAGEIFS(问卷数据!$H:$H,问卷数据!$D:$D,$A$1,问卷数据!$H:$H,">0",问卷数据!$H:$H,"<11"),2),"")
A18: 智慧场馆 | B18: =IFERROR(ROUND(AVERAGE(B19:B22),2),"") | C18: =IFERROR(ROUND(AVERAGE(C19:C22),2),"")
A19: 杭州国博APP | B19: =IFERROR(ROUND(AVERAGEIFS(问卷数据!$AV:$AV,问卷数据!$D:$D,$A$1,问卷数据!$AV:$AV,">0",问卷数据!$AV:$AV,"<11"),2),"") | C19: =IFERROR(ROUND(AVERAGEIFS(问卷数据!$AW:$AW,问卷数据!$D:$D,$A$1,问卷数据!$AW:$AW,">0",问卷数据!$AW:$AW,"<11"),2),"")
A20: 寻车系统 | B20: =IFERROR(ROUND(AVERAGEIFS(问卷数据!$BB:$BB,问卷数据!$D:$D,$A$1,问卷数据!$BB:$BB,">0",问卷数据!$BB:$BB,"<11"),2),"") | C20: =IFERROR(ROUND(AVERAGEIFS(问卷数据!$BC:$BC,问卷数据!$D:$D,$A$1,问卷数据!$BC:$BC,">0",问卷数据!$BC:$BC,"<11"),2),"")
A21: 室内导航系统 | B21: =IFERROR(ROUND(AVERAGEIFS(问卷数据!$AY:$AY,问卷数据!$D:$D,$A$1,问卷数据!$AY:$AY,">0",问卷数据!$AY:$AY,"<11"),2),"") | C21: =IFERROR(ROUND(AVERAGEIFS(问卷数据!$AZ:$AZ,问卷数据!$D:$D,$A$1,问卷数据!$AZ:$AZ,">0",问卷数据!$AZ:$AZ,"<11"),2),"")
A22: 云上看馆 | B22: =IFERROR(ROUND(AVERAGEIFS(问卷数据!$BE:$BE,问卷数据!$D:$D,$A$1,问卷数据!$BE:$BE,">0",问卷数据!$BE:$BE,"<11"),2),"") | C22: =IFERROR(ROUND(AVERAGEIFS(问卷数据!$BF:$BF,问卷数据!$D:$D,$A$1,问卷数据!$BF:$BF,">0",问卷数据!$BF:$BF,"<11"),2),"")

Sheet 酒店自助餐
A5: 酒店自助餐 | B5: =IFERROR(ROUND(AVERAGE(B7,B16,B20),2),"") | C5: =IFERROR(ROUND(AVERAGE(C7,C16,C20),2),"")
A6: 指标 | B6: 满意度 | C6: 重要性
A7: 餐饮服务 | B7: =IFERROR(ROUND(AVERAGE(B8:B15),2),"") | C7: =IFERROR(ROUND(AVERAGE(C8:C15),2),"")
A8: 菜肴品种 | B8: =IFERROR(ROUND(AVERAGEIFS(问卷数据!AG:AG,问卷数据!$D:$D,$A$5,问卷数据!AG:AG,">0",问卷数据!AG:AG,"<11"),2),"") | C8: =IFERROR(ROUND(AVERAGEIFS(问卷数据!AH:AH,问卷数据!$D:$D,$A$5,问卷数据!AH:AH,">0",问卷数据!AH:AH,"<11"),2),"")
A9: 菜品供应速度 | B9: =IFERROR(ROUND(AVERAGEIFS(问卷数据!$AC:$AC,问卷数据!$D:$D,$A$5,问卷数据!$AC:$AC,">0",问卷数据!$AC:$AC,"<11"),2),"") | C9: =IFERROR(ROUND(AVERAGEIFS(问卷数据!$AD:$AD,问卷数据!$D:$D,$A$5,问卷数据!$AD:$AD,">0",问卷数据!$AD:$AD,"<11"),2),"")
A10: 菜品口味口相 | B10: =IFERROR(ROUND(AVERAGEIFS(问卷数据!$AA:$AA,问卷数据!$D:$D,$A$5,问卷数据!$AA:$AA,">0",问卷数据!$AA:$AA,"<11"),2),"") | C10: =IFERROR(ROUND(AVERAGEIFS(问卷数据!$AB:$AB,问卷数据!$D:$D,$A$5,问卷数据!$AB:$AB,">0",问卷数据!$AB:$AB,"<11"),2),"")
A11: 菜品地方特色 | B11: =IFERROR(ROUND(AVERAGEIFS(问卷数据!$U:$U,问卷数据!$D:$D,$A$5,问卷数据!$U:$U,">0",问卷数据!$U:$U,"<11"),2),"") | C11: =IFERROR(ROUND(AVERAGEIFS(问卷数据!$V:$V,问卷数据!$D:$D,$A$5,问卷数据!$V:$V,">0",问卷数据!$V:$V,"<11"),2),"")
A12: 接待指引 | B12: =IFERROR(ROUND(AVERAGEIFS(问卷数据!$S:$S,问卷数据!$D:$D,$A$5,问卷数据!$S:$S,">0",问卷数据!$S:$S,"<11"),2),"") | C12: =IFERROR(ROUND(AVERAGEIFS(问卷数据!$T:$T,问卷数据!$D:$D,$A$5,问卷数据!$T:$T,">0",问卷数据!$T:$T,"<11"),2),"")
A13: 工作人员服务品质 | B13: =IFERROR(ROUND(AVERAGEIFS(问卷数据!$AM:$AM,问卷数据!$D:$D,$A$5,问卷数据!$AM:$AM,">0",问卷数据!$AM:$AM,"<11"),2),"") | C13: =IFERROR(ROUND(AVERAGEIFS(问卷数据!$AN:$AN,问卷数据!$D:$D,$A$5,问卷数据!$AN:$AN,">0",问卷数据!$AN:$AN,"<11"),2),"")
A14: 就餐区域温度 | B14: =IFERROR(ROUND(AVERAGEIFS(问卷数据!$M:$M,问卷数据!$D:$D,$A$5,问卷数据!$M:$M,">0",问卷数据!$M:$M,"<11"),2),"") | C14: =IFERROR(ROUND(AVERAGEIFS(问卷数据!$N:$N,问卷数据!$D:$D,$A$5,问卷数据!$N:$N,">0",问卷数据!$N:$N,"<11"),2),"")
A15: 就餐区域卫生 | B15: =IFERROR(ROUND(AVERAGEIFS(问卷数据!$O:$O,问卷数据!$D:$D,$A$5,问卷数据!$O:$O,">0",问卷数据!$O:$O,"<11"),2),"") | C15: =IFERROR(ROUND(AVERAGEIFS(问卷数据!$P:$P,问卷数据!$D:$D,$A$5,问卷数据!$P:$P,">0",问卷数据!$P:$P,"<11"),2),"")
A16: 硬件设施 | B16: =IFERROR(ROUND(AVERAGE(B17:B19),2),"") | C16: =IFERROR(ROUND(AVERAGE(C17:C19),2),"")
A17: 园区停车方便 | B17: =IFERROR(ROUND(AVERAGEIFS(问卷数据!$I:$I,问卷数据!$D:$D,$A$5,问卷数据!$I:$I,">0",问卷数据!$I:$I,"<11"),2),"") | C17: =IFERROR(ROUND(AVERAGEIFS(问卷数据!$J:$J,问卷数据!$D:$D,$A$5,问卷数据!$J:$J,">0",问卷数据!$J:$J,"<11"),2),"")
A18: 交通便利，容易到达 | B18: =IFERROR(ROUND(AVERAGEIFS(问卷数据!$G:$G,问卷数据!$D:$D,$A$5,问卷数据!$G:$G,">0",问卷数据!$G:$G,"<11"),2),"") | C18: =IFERROR(ROUND(AVERAGEIFS(问卷数据!$H:$H,问卷数据!$D:$D,$A$5,问卷数据!$H:$H,">0",问卷数据!$H:$H,"<11"),2),"")
A19: 标识标牌清晰 | B19: =IFERROR(ROUND(AVERAGEIFS(问卷数据!$K:$K,问卷数据!$D:$D,$A$5,问卷数据!$K:$K,">0",问卷数据!$K:$K,"<11"),2),"") | C19: =IFERROR(ROUND(AVERAGEIFS(问卷数据!$L:$L,问卷数据!$D:$D,$A$5,问卷数据!$L:$L,">0",问卷数据!$L:$L,"<11"),2),"")
A20: 智慧场馆 | B20: =IFERROR(ROUND(AVERAGE(B21:B24),2),"") | C20: =IFERROR(ROUND(AVERAGE(C21:C24),2),"")
A21: 杭州国博APP | B21: =IFERROR(ROUND(AVERAGEIFS(问卷数据!$AV:$AV,问卷数据!$D:$D,$A$5,问卷数据!$AV:$AV,">0",问卷数据!$AV:$AV,"<11"),2),"") | C21: =IFERROR(ROUND(AVERAGEIFS(问卷数据!$AW:$AW,问卷数据!$D:$D,$A$5,问卷数据!$AW:$AW,">0",问卷数据!$AW:$AW,"<11"),2),"")
A22: 室内导航系统 | B22: =IFERROR(ROUND(AVERAGEIFS(问卷数据!$AY:$AY,问卷数据!$D:$D,$A$5,问卷数据!$AY:$AY,">0",问卷数据!$AY:$AY,"<11"),2),"") | C22: =IFERROR(ROUND(AVERAGEIFS(问卷数据!$AZ:$AZ,问卷数据!$D:$D,$A$5,问卷数据!$AZ:$AZ,">0",问卷数据!$AZ:$AZ,"<11"),2),"")
A23: 寻车系统 | B23: =IFERROR(ROUND(AVERAGEIFS(问卷数据!$BB:$BB,问卷数据!$D:$D,$A$5,问卷数据!$BB:$BB,">0",问卷数据!$BB:$BB,"<11"),2),"") | C23: =IFERROR(ROUND(AVERAGEIFS(问卷数据!$BC:$BC,问卷数据!$D:$D,$A$5,问卷数据!$BC:$BC,">0",问卷数据!$BC:$BC,"<11"),2),"")
A24: 云上看馆 | B24: =IFERROR(ROUND(AVERAGEIFS(问卷数据!$BE:$BE,问卷数据!$D:$D,$A$5,问卷数据!$BE:$BE,">0",问卷数据!$BE:$BE,"<11"),2),"") | C24: =IFERROR(ROUND(AVERAGEIFS(问卷数据!$BF:$BF,问卷数据!$D:$D,$A$5,问卷数据!$BF:$BF,">0",问卷数据!$BF:$BF,"<11"),2),"")
