Workbook

Sheet 汇总表
A1: 2026年1-9月客户类型满意度多周期汇总表
A2: 样本类型 | C2: 总分 | D2: 产品服务 | E2: 硬件设施 | F2: 配套服务 | G2: 智慧场馆/服务 | H2: 餐饮服务 | I2: 类型权重 | J2: 舍入差额 | K2: 餐饮计分口径
A3: 一、会展客户 | B3: 展览活动主（承）办 | C3: =IF(I3=0,"",SUMIFS('权重计算'!$W$2:$W$119,'权重计算'!$R$2:$R$119,$B3)/I3) -> 9.5903681 | D3: =SUMIFS('权重计算'!$O$2:$O$383,'权重计算'!$C$2:$C$383,$B3,'权重计算'!$F$2:$F$383,D$2)/SUMIFS('权重计算'!$N$2:$N$383,'权重计算'!$C$2:$C$383,$B3,'权重计算'!$F$2:$F$383,D$2) -> 9.7826647 | E3: =SUMIFS('权重计算'!$O$2:$O$383,'权重计算'!$C$2:$C$383,$B3,'权重计算'!$F$2:$F$383,E$2)/SUMIFS('权重计算'!$N$2:$N$383,'权重计算'!$C$2:$C$383,$B3,'权重计算'!$F$2:$F$383,E$2) -> 9.5333647 | F3: =SUMIFS('权重计算'!$O$2:$O$383,'权重计算'!$C$2:$C$383,$B3,'权重计算'!$F$2:$F$383,F$2)/SUMIFS('权重计算'!$N$2:$N$383,'权重计算'!$C$2:$C$383,$B3,'权重计算'!$F$2:$F$383,F$2) -> 9.6078712 | G3: =SUMIFS('权重计算'!$O$2:$O$383,'权重计算'!$C$2:$C$383,$B3,'权重计算'!$F$2:$F$383,G$2)/SUMIFS('权重计算'!$N$2:$N$383,'权重计算'!$C$2:$C$383,$B3,'权重计算'!$F$2:$F$383,G$2) -> 9.0980231 | H3: =SUMIFS('权重计算'!$O$2:$O$383,'权重计算'!$C$2:$C$383,$B3,'权重计算'!$F$2:$F$383,H$2)/SUMIFS('权重计算'!$N$2:$N$383,'权重计算'!$C$2:$C$383,$B3,'权重计算'!$F$2:$F$383,H$2) -> 9.1459185 | I3: =SUMIFS('权重计算'!$V$2:$V$119,'权重计算'!$R$2:$R$119,$B3) -> 0.068926662 | J3: =IF(I3=0,"",SUMIFS('权重计算'!$X$2:$X$119,'权重计算'!$R$2:$R$119,$B3)/I3) -> 0.0023694621 | K3: 配套子项，不另计分
B4: 参展商 | C4: =IF(I4=0,"",SUMIFS('权重计算'!$W$2:$W$119,'权重计算'!$R$2:$R$119,$B4)/I4) -> 9.6140344 | D4: =SUMIFS('权重计算'!$O$2:$O$383,'权重计算'!$C$2:$C$383,$B4,'权重计算'!$F$2:$F$383,D$2)/SUMIFS('权重计算'!$N$2:$N$383,'权重计算'!$C$2:$C$383,$B4,'权重计算'!$F$2:$F$383,D$2) -> 9.9160485 | E4: =SUMIFS('权重计算'!$O$2:$O$383,'权重计算'!$C$2:$C$383,$B4,'权重计算'!$F$2:$F$383,E$2)/SUMIFS('权重计算'!$N$2:$N$383,'权重计算'!$C$2:$C$383,$B4,'权重计算'!$F$2:$F$383,E$2) -> 9.2615981 | F4: =SUMIFS('权重计算'!$O$2:$O$383,'权重计算'!$C$2:$C$383,$B4,'权重计算'!$F$2:$F$383,F$2)/SUMIFS('权重计算'!$N$2:$N$383,'权重计算'!$C$2:$C$383,$B4,'权重计算'!$F$2:$F$383,F$2) -> 9.6859872 | G4: =SUMIFS('权重计算'!$O$2:$O$383,'权重计算'!$C$2:$C$383,$B4,'权重计算'!$F$2:$F$383,G$2)/SUMIFS('权重计算'!$N$2:$N$383,'权重计算'!$C$2:$C$383,$B4,'权重计算'!$F$2:$F$383,G$2) -> 9.42 | H4: =SUMIFS('权重计算'!$O$2:$O$383,'权重计算'!$C$2:$C$383,$B4,'权重计算'!$F$2:$F$383,H$2)/SUMIFS('权重计算'!$N$2:$N$383,'权重计算'!$C$2:$C$383,$B4,'权重计算'!$F$2:$F$383,H$2) -> 9.0578969 | I4: =SUMIFS('权重计算'!$V$2:$V$119,'权重计算'!$R$2:$R$119,$B4) -> 0.068926662 | J4: =IF(I4=0,"",SUMIFS('权重计算'!$X$2:$X$119,'权重计算'!$R$2:$R$119,$B4)/I4) -> -0.0006608094 | K4: 配套子项，不另计分
B5: 专业观众 | C5: =IF(I5=0,"",SUMIFS('权重计算'!$W$2:$W$119,'权重计算'!$R$2:$R$119,$B5)/I5) -> 9.6902355 | D5: =SUMIFS('权重计算'!$O$2:$O$383,'权重计算'!$C$2:$C$383,$B5,'权重计算'!$F$2:$F$383,D$2)/SUMIFS('权重计算'!$N$2:$N$383,'权重计算'!$C$2:$C$383,$B5,'权重计算'!$F$2:$F$383,D$2) -> 9.9957329 | E5: =SUMIFS('权重计算'!$O$2:$O$383,'权重计算'!$C$2:$C$383,$B5,'权重计算'!$F$2:$F$383,E$2)/SUMIFS('权重计算'!$N$2:$N$383,'权重计算'!$C$2:$C$383,$B5,'权重计算'!$F$2:$F$383,E$2) -> 9.4445982 | F5: =SUMIFS('权重计算'!$O$2:$O$383,'权重计算'!$C$2:$C$383,$B5,'权重计算'!$F$2:$F$383,F$2)/SUMIFS('权重计算'!$N$2:$N$383,'权重计算'!$C$2:$C$383,$B5,'权重计算'!$F$2:$F$383,F$2) -> 9.6347571 | H5: =SUMIFS('权重计算'!$O$2:$O$383,'权重计算'!$C$2:$C$383,$B5,'权重计算'!$F$2:$F$383,H$2)/SUMIFS('权重计算'!$N$2:$N$383,'权重计算'!$C$2:$C$383,$B5,'权重计算'!$F$2:$F$383,H$2) -> 9.013748 | I5: =SUMIFS('权重计算'!$V$2:$V$119,'权重计算'!$R$2:$R$119,$B5) -> 0.068926662 | J5: =IF(I5=0,"",SUMIFS('权重计算'!$X$2:$X$119,'权重计算'!$R$2:$R$119,$B5)/I5) -> -0.0014605462 | K5: 配套子项，不另计分
B6: 会展服务商 | C6: =IF(I6=0,"",SUMIFS('权重计算'!$W$2:$W$119,'权重计算'!$R$2:$R$119,$B6)/I6) -> 9.8804319 | D6: =SUMIFS('权重计算'!$O$2:$O$383,'权重计算'!$C$2:$C$383,$B6,'权重计算'!$F$2:$F$383,D$2)/SUMIFS('权重计算'!$N$2:$N$383,'权重计算'!$C$2:$C$383,$B6,'权重计算'!$F$2:$F$383,D$2) -> 9.9495874 | E6: =SUMIFS('权重计算'!$O$2:$O$383,'权重计算'!$C$2:$C$383,$B6,'权重计算'!$F$2:$F$383,E$2)/SUMIFS('权重计算'!$N$2:$N$383,'权重计算'!$C$2:$C$383,$B6,'权重计算'!$F$2:$F$383,E$2) -> 9.8117426 | F6: =SUMIFS('权重计算'!$O$2:$O$383,'权重计算'!$C$2:$C$383,$B6,'权重计算'!$F$2:$F$383,F$2)/SUMIFS('权重计算'!$N$2:$N$383,'权重计算'!$C$2:$C$383,$B6,'权重计算'!$F$2:$F$383,F$2) -> 9.8895282 | G6: =SUMIFS('权重计算'!$O$2:$O$383,'权重计算'!$C$2:$C$383,$B6,'权重计算'!$F$2:$F$383,G$2)/SUMIFS('权重计算'!$N$2:$N$383,'权重计算'!$C$2:$C$383,$B6,'权重计算'!$F$2:$F$383,G$2) -> 9.8406897 | H6: =SUMIFS('权重计算'!$O$2:$O$383,'权重计算'!$C$2:$C$383,$B6,'权重计算'!$F$2:$F$383,H$2)/SUMIFS('权重计算'!$N$2:$N$383,'权重计算'!$C$2:$C$383,$B6,'权重计算'!$F$2:$F$383,H$2) -> 9.6451642 | I6: =SUMIFS('权重计算'!$V$2:$V$119,'权重计算'!$R$2:$R$119,$B6) -> 0.057563025 | J6: =IF(I6=0,"",SUMIFS('权重计算'!$X$2:$X$119,'权重计算'!$R$2:$R$119,$B6)/I6) -> 3.0920519e-05 | K6: 配套子项，不另计分
B7: 会议活动主（承）办 | C7: =IF(I7=0,"",SUMIFS('权重计算'!$W$2:$W$119,'权重计算'!$R$2:$R$119,$B7)/I7) -> 9.6911735 | D7: =SUMIFS('权重计算'!$O$2:$O$383,'权重计算'!$C$2:$C$383,$B7,'权重计算'!$F$2:$F$383,D$2)/SUMIFS('权重计算'!$N$2:$N$383,'权重计算'!$C$2:$C$383,$B7,'权重计算'!$F$2:$F$383,D$2) -> 9.9123852 | E7: =SUMIFS('权重计算'!$O$2:$O$383,'权重计算'!$C$2:$C$383,$B7,'权重计算'!$F$2:$F$383,E$2)/SUMIFS('权重计算'!$N$2:$N$383,'权重计算'!$C$2:$C$383,$B7,'权重计算'!$F$2:$F$383,E$2) -> 9.5459972 | F7: =SUMIFS('权重计算'!$O$2:$O$383,'权重计算'!$C$2:$C$383,$B7,'权重计算'!$F$2:$F$383,F$2)/SUMIFS('权重计算'!$N$2:$N$383,'权重计算'!$C$2:$C$383,$B7,'权重计算'!$F$2:$F$383,F$2) -> 9.7094377 | G7: =SUMIFS('权重计算'!$O$2:$O$383,'权重计算'!$C$2:$C$383,$B7,'权重计算'!$F$2:$F$383,G$2)/SUMIFS('权重计算'!$N$2:$N$383,'权重计算'!$C$2:$C$383,$B7,'权重计算'!$F$2:$F$383,G$2) -> 9 | H7: =SUMIFS('权重计算'!$O$2:$O$383,'权重计算'!$C$2:$C$383,$B7,'权重计算'!$F$2:$F$383,H$2)/SUMIFS('权重计算'!$N$2:$N$383,'权重计算'!$C$2:$C$383,$B7,'权重计算'!$F$2:$F$383,H$2) -> 9.0931888 | I7: =SUMIFS('权重计算'!$V$2:$V$119,'权重计算'!$R$2:$R$119,$B7) -> 0.068926662 | J7: =IF(I7=0,"",SUMIFS('权重计算'!$X$2:$X$119,'权重计算'!$R$2:$R$119,$B7)/I7) -> -0.0016499646 | K7: 配套子项，不另计分
B8: 参会客户 | C8: =IF(I8=0,"",SUMIFS('权重计算'!$W$2:$W$119,'权重计算'!$R$2:$R$119,$B8)/I8) -> 9.7859796 | D8: =SUMIFS('权重计算'!$O$2:$O$383,'权重计算'!$C$2:$C$383,$B8,'权重计算'!$F$2:$F$383,D$2)/SUMIFS('权重计算'!$N$2:$N$383,'权重计算'!$C$2:$C$383,$B8,'权重计算'!$F$2:$F$383,D$2) -> 9.991859 | E8: =SUMIFS('权重计算'!$O$2:$O$383,'权重计算'!$C$2:$C$383,$B8,'权重计算'!$F$2:$F$383,E$2)/SUMIFS('权重计算'!$N$2:$N$383,'权重计算'!$C$2:$C$383,$B8,'权重计算'!$F$2:$F$383,E$2) -> 9.5455101 | F8: =SUMIFS('权重计算'!$O$2:$O$383,'权重计算'!$C$2:$C$383,$B8,'权重计算'!$F$2:$F$383,F$2)/SUMIFS('权重计算'!$N$2:$N$383,'权重计算'!$C$2:$C$383,$B8,'权重计算'!$F$2:$F$383,F$2) -> 9.8227264 | H8: =SUMIFS('权重计算'!$O$2:$O$383,'权重计算'!$C$2:$C$383,$B8,'权重计算'!$F$2:$F$383,H$2)/SUMIFS('权重计算'!$N$2:$N$383,'权重计算'!$C$2:$C$383,$B8,'权重计算'!$F$2:$F$383,H$2) -> 9.4826834 | I8: =SUMIFS('权重计算'!$V$2:$V$119,'权重计算'!$R$2:$R$119,$B8) -> 0.05999809 | J8: =IF(I8=0,"",SUMIFS('权重计算'!$X$2:$X$119,'权重计算'!$R$2:$R$119,$B8)/I8) -> -0.00071887103 | K8: 配套子项，不另计分
A9: 二、餐饮客户 | B9: 商务简餐 | C9: =IF(I9=0,"",SUMIFS('权重计算'!$W$2:$W$119,'权重计算'!$R$2:$R$119,$B9)/I9) -> 9.5925677 | D9: -- | E9: =SUMIFS('权重计算'!$O$2:$O$383,'权重计算'!$C$2:$C$383,$B9,'权重计算'!$F$2:$F$383,E$2)/SUMIFS('权重计算'!$N$2:$N$383,'权重计算'!$C$2:$C$383,$B9,'权重计算'!$F$2:$F$383,E$2) -> 9.2996361 | F9: -- | G9: =SUMIFS('权重计算'!$O$2:$O$383,'权重计算'!$C$2:$C$383,$B9,'权重计算'!$F$2:$F$383,G$2)/SUMIFS('权重计算'!$N$2:$N$383,'权重计算'!$C$2:$C$383,$B9,'权重计算'!$F$2:$F$383,G$2) -> 9.63 | H9: =SUMIFS('权重计算'!$O$2:$O$383,'权重计算'!$C$2:$C$383,$B9,'权重计算'!$F$2:$F$383,H$2)/SUMIFS('权重计算'!$N$2:$N$383,'权重计算'!$C$2:$C$383,$B9,'权重计算'!$F$2:$F$383,H$2) -> 9.8782662 | I9: =SUMIFS('权重计算'!$V$2:$V$119,'权重计算'!$R$2:$R$119,$B9) -> 0.068926662 | J9: =IF(I9=0,"",SUMIFS('权重计算'!$X$2:$X$119,'权重计算'!$R$2:$R$119,$B9)/I9) -> 0.0019622241 | K9: 一级指标
B10: 特色美食廊 | C10: =IF(I10=0,"",SUMIFS('权重计算'!$W$2:$W$119,'权重计算'!$R$2:$R$119,$B10)/I10) -> 9.4570073 | D10: -- | E10: =SUMIFS('权重计算'!$O$2:$O$383,'权重计算'!$C$2:$C$383,$B10,'权重计算'!$F$2:$F$383,E$2)/SUMIFS('权重计算'!$N$2:$N$383,'权重计算'!$C$2:$C$383,$B10,'权重计算'!$F$2:$F$383,E$2) -> 9.381818 | F10: -- | G10: =SUMIFS('权重计算'!$O$2:$O$383,'权重计算'!$C$2:$C$383,$B10,'权重计算'!$F$2:$F$383,G$2)/SUMIFS('权重计算'!$N$2:$N$383,'权重计算'!$C$2:$C$383,$B10,'权重计算'!$F$2:$F$383,G$2) -> 10 | H10: =SUMIFS('权重计算'!$O$2:$O$383,'权重计算'!$C$2:$C$383,$B10,'权重计算'!$F$2:$F$383,H$2)/SUMIFS('权重计算'!$N$2:$N$383,'权重计算'!$C$2:$C$383,$B10,'权重计算'!$F$2:$F$383,H$2) -> 9.4074093 | I10: =SUMIFS('权重计算'!$V$2:$V$119,'权重计算'!$R$2:$R$119,$B10) -> 0.057563025 | J10: =IF(I10=0,"",SUMIFS('权重计算'!$X$2:$X$119,'权重计算'!$R$2:$R$119,$B10)/I10) -> 0.001879562 | K10: 一级指标
B11: 婚宴 | C11: =IF(I11=0,"",SUMIFS('权重计算'!$W$2:$W$119,'权重计算'!$R$2:$R$119,$B11)/I11) -> 9.4712486 | D11: -- | E11: =SUMIFS('权重计算'!$O$2:$O$383,'权重计算'!$C$2:$C$383,$B11,'权重计算'!$F$2:$F$383,E$2)/SUMIFS('权重计算'!$N$2:$N$383,'权重计算'!$C$2:$C$383,$B11,'权重计算'!$F$2:$F$383,E$2) -> 9.1615772 | F11: -- | H11: =SUMIFS('权重计算'!$O$2:$O$383,'权重计算'!$C$2:$C$383,$B11,'权重计算'!$F$2:$F$383,H$2)/SUMIFS('权重计算'!$N$2:$N$383,'权重计算'!$C$2:$C$383,$B11,'权重计算'!$F$2:$F$383,H$2) -> 9.7755203 | I11: =SUMIFS('权重计算'!$V$2:$V$119,'权重计算'!$R$2:$R$119,$B11) -> 0.031967787 | J11: =IF(I11=0,"",SUMIFS('权重计算'!$X$2:$X$119,'权重计算'!$R$2:$R$119,$B11)/I11) -> 0.0026998905 | K11: 一级指标
B12: 自助餐 | C12: =IF(I12=0,"",SUMIFS('权重计算'!$W$2:$W$119,'权重计算'!$R$2:$R$119,$B12)/I12) -> 9.6131682 | D12: -- | E12: =SUMIFS('权重计算'!$O$2:$O$383,'权重计算'!$C$2:$C$383,$B12,'权重计算'!$F$2:$F$383,E$2)/SUMIFS('权重计算'!$N$2:$N$383,'权重计算'!$C$2:$C$383,$B12,'权重计算'!$F$2:$F$383,E$2) -> 9.4299543 | F12: -- | H12: =SUMIFS('权重计算'!$O$2:$O$383,'权重计算'!$C$2:$C$383,$B12,'权重计算'!$F$2:$F$383,H$2)/SUMIFS('权重计算'!$N$2:$N$383,'权重计算'!$C$2:$C$383,$B12,'权重计算'!$F$2:$F$383,H$2) -> 9.7937933 | I12: =SUMIFS('权重计算'!$V$2:$V$119,'权重计算'!$R$2:$R$119,$B12) -> 0.060593328 | J12: =IF(I12=0,"",SUMIFS('权重计算'!$X$2:$X$119,'权重计算'!$R$2:$R$119,$B12)/I12) -> 0.0012943896 | K12: 一级指标
B13: 宴会 | C13: =IF(I13=0,"",SUMIFS('权重计算'!$W$2:$W$119,'权重计算'!$R$2:$R$119,$B13)/I13) -> 9.757247 | D13: -- | E13: =SUMIFS('权重计算'!$O$2:$O$383,'权重计算'!$C$2:$C$383,$B13,'权重计算'!$F$2:$F$383,E$2)/SUMIFS('权重计算'!$N$2:$N$383,'权重计算'!$C$2:$C$383,$B13,'权重计算'!$F$2:$F$383,E$2) -> 9.597023 | F13: -- | H13: =SUMIFS('权重计算'!$O$2:$O$383,'权重计算'!$C$2:$C$383,$B13,'权重计算'!$F$2:$F$383,H$2)/SUMIFS('权重计算'!$N$2:$N$383,'权重计算'!$C$2:$C$383,$B13,'权重计算'!$F$2:$F$383,H$2) -> 9.9138453 | I13: =SUMIFS('权重计算'!$V$2:$V$119,'权重计算'!$R$2:$R$119,$B13) -> 0.044907054 | J13: =IF(I13=0,"",SUMIFS('权重计算'!$X$2:$X$119,'权重计算'!$R$2:$R$119,$B13)/I13) -> 0.0018128012 | K13: 一级指标
A14: 三、G20峰会体验馆 | B14: 游客 | C14: =IF(I14=0,"",SUMIFS('权重计算'!$W$2:$W$119,'权重计算'!$R$2:$R$119,$B14)/I14) -> 9.8182145 | D14: =SUMIFS('权重计算'!$O$2:$O$383,'权重计算'!$C$2:$C$383,$B14,'权重计算'!$F$2:$F$383,D$2)/SUMIFS('权重计算'!$N$2:$N$383,'权重计算'!$C$2:$C$383,$B14,'权重计算'!$F$2:$F$383,D$2) -> 9.969862 | E14: =SUMIFS('权重计算'!$O$2:$O$383,'权重计算'!$C$2:$C$383,$B14,'权重计算'!$F$2:$F$383,E$2)/SUMIFS('权重计算'!$N$2:$N$383,'权重计算'!$C$2:$C$383,$B14,'权重计算'!$F$2:$F$383,E$2) -> 9.8986503 | F14: -- | G14: =SUMIFS('权重计算'!$O$2:$O$383,'权重计算'!$C$2:$C$383,$B14,'权重计算'!$F$2:$F$383,G$2)/SUMIFS('权重计算'!$N$2:$N$383,'权重计算'!$C$2:$C$383,$B14,'权重计算'!$F$2:$F$383,G$2) -> 8 | H14: -- | I14: =SUMIFS('权重计算'!$V$2:$V$119,'权重计算'!$R$2:$R$119,$B14) -> 0.048634454 | J14: =IF(I14=0,"",SUMIFS('权重计算'!$X$2:$X$119,'权重计算'!$R$2:$R$119,$B14)/I14) -> 0.002325414 | K14: --
B15: 旅行社工作人员 | C15: =IF(I15=0,"",SUMIFS('权重计算'!$W$2:$W$119,'权重计算'!$R$2:$R$119,$B15)/I15) -> 9.9384101 | D15: =SUMIFS('权重计算'!$O$2:$O$383,'权重计算'!$C$2:$C$383,$B15,'权重计算'!$F$2:$F$383,D$2)/SUMIFS('权重计算'!$N$2:$N$383,'权重计算'!$C$2:$C$383,$B15,'权重计算'!$F$2:$F$383,D$2) -> 10 | E15: =SUMIFS('权重计算'!$O$2:$O$383,'权重计算'!$C$2:$C$383,$B15,'权重计算'!$F$2:$F$383,E$2)/SUMIFS('权重计算'!$N$2:$N$383,'权重计算'!$C$2:$C$383,$B15,'权重计算'!$F$2:$F$383,E$2) -> 9.8647655 | F15: -- | G15: =SUMIFS('权重计算'!$O$2:$O$383,'权重计算'!$C$2:$C$383,$B15,'权重计算'!$F$2:$F$383,G$2)/SUMIFS('权重计算'!$N$2:$N$383,'权重计算'!$C$2:$C$383,$B15,'权重计算'!$F$2:$F$383,G$2) -> 10 | H15: -- | I15: =SUMIFS('权重计算'!$V$2:$V$119,'权重计算'!$R$2:$R$119,$B15) -> 0.04030112 | J15: =IF(I15=0,"",SUMIFS('权重计算'!$X$2:$X$119,'权重计算'!$R$2:$R$119,$B15)/I15) -> 0.0010338836 | K15: --
A16: 四、专项调研 | C16: -- | D16: -- | E16: -- | F16: -- | G16: -- | H16: --
A17: 五、酒店客户 | B17: 酒店散客 | C17: =IF(I17=0,"",SUMIFS('权重计算'!$W$2:$W$119,'权重计算'!$R$2:$R$119,$B17)/I17) -> 9.7857041 | D17: =SUMIFS('权重计算'!$O$2:$O$383,'权重计算'!$C$2:$C$383,$B17,'权重计算'!$F$2:$F$383,D$2)/SUMIFS('权重计算'!$N$2:$N$383,'权重计算'!$C$2:$C$383,$B17,'权重计算'!$F$2:$F$383,D$2) -> 9.8871542 | E17: =SUMIFS('权重计算'!$O$2:$O$383,'权重计算'!$C$2:$C$383,$B17,'权重计算'!$F$2:$F$383,E$2)/SUMIFS('权重计算'!$N$2:$N$383,'权重计算'!$C$2:$C$383,$B17,'权重计算'!$F$2:$F$383,E$2) -> 9.5473858 | F17: -- | H17: =SUMIFS('权重计算'!$O$2:$O$383,'权重计算'!$C$2:$C$383,$B17,'权重计算'!$F$2:$F$383,H$2)/SUMIFS('权重计算'!$N$2:$N$383,'权重计算'!$C$2:$C$383,$B17,'权重计算'!$F$2:$F$383,H$2) -> 9.956505 | I17: =SUMIFS('权重计算'!$V$2:$V$119,'权重计算'!$R$2:$R$119,$B17) -> 0.049229692 | J17: =IF(I17=0,"",SUMIFS('权重计算'!$X$2:$X$119,'权重计算'!$R$2:$R$119,$B17)/I17) -> 0.00059981034 | K17: 一级指标
B18: 酒店住宿团队 | C18: =IF(I18=0,"",SUMIFS('权重计算'!$W$2:$W$119,'权重计算'!$R$2:$R$119,$B18)/I18) -> 9.8679145 | D18: =SUMIFS('权重计算'!$O$2:$O$383,'权重计算'!$C$2:$C$383,$B18,'权重计算'!$F$2:$F$383,D$2)/SUMIFS('权重计算'!$N$2:$N$383,'权重计算'!$C$2:$C$383,$B18,'权重计算'!$F$2:$F$383,D$2) -> 10 | E18: =SUMIFS('权重计算'!$O$2:$O$383,'权重计算'!$C$2:$C$383,$B18,'权重计算'!$F$2:$F$383,E$2)/SUMIFS('权重计算'!$N$2:$N$383,'权重计算'!$C$2:$C$383,$B18,'权重计算'!$F$2:$F$383,E$2) -> 9.7930017 | F18: -- | H18: =SUMIFS('权重计算'!$O$2:$O$383,'权重计算'!$C$2:$C$383,$B18,'权重计算'!$F$2:$F$383,H$2)/SUMIFS('权重计算'!$N$2:$N$383,'权重计算'!$C$2:$C$383,$B18,'权重计算'!$F$2:$F$383,H$2) -> 9.8158464 | I18: =SUMIFS('权重计算'!$V$2:$V$119,'权重计算'!$R$2:$R$119,$B18) -> 0.051069519 | J18: =IF(I18=0,"",SUMIFS('权重计算'!$X$2:$X$119,'权重计算'!$R$2:$R$119,$B18)/I18) -> -0.0017015707 | K18: 一级指标
B19: 酒店参会客户 | C19: =IF(I19=0,"",SUMIFS('权重计算'!$W$2:$W$119,'权重计算'!$R$2:$R$119,$B19)/I19) -> 9.8408223 | D19: =SUMIFS('权重计算'!$O$2:$O$383,'权重计算'!$C$2:$C$383,$B19,'权重计算'!$F$2:$F$383,D$2)/SUMIFS('权重计算'!$N$2:$N$383,'权重计算'!$C$2:$C$383,$B19,'权重计算'!$F$2:$F$383,D$2) -> 9.9867252 | E19: =SUMIFS('权重计算'!$O$2:$O$383,'权重计算'!$C$2:$C$383,$B19,'权重计算'!$F$2:$F$383,E$2)/SUMIFS('权重计算'!$N$2:$N$383,'权重计算'!$C$2:$C$383,$B19,'权重计算'!$F$2:$F$383,E$2) -> 9.6622779 | F19: =SUMIFS('权重计算'!$O$2:$O$383,'权重计算'!$C$2:$C$383,$B19,'权重计算'!$F$2:$F$383,F$2)/SUMIFS('权重计算'!$N$2:$N$383,'权重计算'!$C$2:$C$383,$B19,'权重计算'!$F$2:$F$383,F$2) -> 9.8576362 | G19: =SUMIFS('权重计算'!$O$2:$O$383,'权重计算'!$C$2:$C$383,$B19,'权重计算'!$F$2:$F$383,G$2)/SUMIFS('权重计算'!$N$2:$N$383,'权重计算'!$C$2:$C$383,$B19,'权重计算'!$F$2:$F$383,G$2) -> 10 | H19: =SUMIFS('权重计算'!$O$2:$O$383,'权重计算'!$C$2:$C$383,$B19,'权重计算'!$F$2:$F$383,H$2)/SUMIFS('权重计算'!$N$2:$N$383,'权重计算'!$C$2:$C$383,$B19,'权重计算'!$F$2:$F$383,H$2) -> 9.6299738 | I19: =SUMIFS('权重计算'!$V$2:$V$119,'权重计算'!$R$2:$R$119,$B19) -> 0.05999809 | J19: =IF(I19=0,"",SUMIFS('权重计算'!$X$2:$X$119,'权重计算'!$R$2:$R$119,$B19)/I19) -> 0.0002373247 | K19: 配套子项，不另计分
B20: 酒店会议主（承）办 | C20: =IF(I20=0,"",SUMIFS('权重计算'!$W$2:$W$119,'权重计算'!$R$2:$R$119,$B20)/I20) -> 9.8236558 | D20: =SUMIFS('权重计算'!$O$2:$O$383,'权重计算'!$C$2:$C$383,$B20,'权重计算'!$F$2:$F$383,D$2)/SUMIFS('权重计算'!$N$2:$N$383,'权重计算'!$C$2:$C$383,$B20,'权重计算'!$F$2:$F$383,D$2) -> 9.8586011 | E20: =SUMIFS('权重计算'!$O$2:$O$383,'权重计算'!$C$2:$C$383,$B20,'权重计算'!$F$2:$F$383,E$2)/SUMIFS('权重计算'!$N$2:$N$383,'权重计算'!$C$2:$C$383,$B20,'权重计算'!$F$2:$F$383,E$2) -> 9.8021061 | F20: =SUMIFS('权重计算'!$O$2:$O$383,'权重计算'!$C$2:$C$383,$B20,'权重计算'!$F$2:$F$383,F$2)/SUMIFS('权重计算'!$N$2:$N$383,'权重计算'!$C$2:$C$383,$B20,'权重计算'!$F$2:$F$383,F$2) -> 9.7675634 | G20: =SUMIFS('权重计算'!$O$2:$O$383,'权重计算'!$C$2:$C$383,$B20,'权重计算'!$F$2:$F$383,G$2)/SUMIFS('权重计算'!$N$2:$N$383,'权重计算'!$C$2:$C$383,$B20,'权重计算'!$F$2:$F$383,G$2) -> 10 | H20: =SUMIFS('权重计算'!$O$2:$O$383,'权重计算'!$C$2:$C$383,$B20,'权重计算'!$F$2:$F$383,H$2)/SUMIFS('权重计算'!$N$2:$N$383,'权重计算'!$C$2:$C$383,$B20,'权重计算'!$F$2:$F$383,H$2) -> 8.828125 | I20: =SUMIFS('权重计算'!$V$2:$V$119,'权重计算'!$R$2:$R$119,$B20) -> 0.024614846 | J20: =IF(I20=0,"",SUMIFS('权重计算'!$X$2:$X$119,'权重计算'!$R$2:$R$119,$B20)/I20) -> 6.0138397e-16 | K20: 配套子项，不另计分
B21: 酒店餐饮客户 | C21: =IF(I21=0,"",SUMIFS('权重计算'!$W$2:$W$119,'权重计算'!$R$2:$R$119,$B21)/I21) -> 9.742134 | D21: -- | E21: =SUMIFS('权重计算'!$O$2:$O$383,'权重计算'!$C$2:$C$383,$B21,'权重计算'!$F$2:$F$383,E$2)/SUMIFS('权重计算'!$N$2:$N$383,'权重计算'!$C$2:$C$383,$B21,'权重计算'!$F$2:$F$383,E$2) -> 9.6032913 | F21: -- | H21: =SUMIFS('权重计算'!$O$2:$O$383,'权重计算'!$C$2:$C$383,$B21,'权重计算'!$F$2:$F$383,H$2)/SUMIFS('权重计算'!$N$2:$N$383,'权重计算'!$C$2:$C$383,$B21,'权重计算'!$F$2:$F$383,H$2) -> 9.8714478 | I21: =SUMIFS('权重计算'!$V$2:$V$119,'权重计算'!$R$2:$R$119,$B21) -> 0.068926662 | J21: =IF(I21=0,"",SUMIFS('权重计算'!$X$2:$X$119,'权重计算'!$R$2:$R$119,$B21)/I21) -> 0.0047644777 | K21: 一级指标
A22: 总分 | C22: =AVERAGE('周期计算'!C2:C9) -> 9.71 | D22: =IF(D23=0,"",SUMIFS('权重计算'!$M$2:$M$383,'权重计算'!$F$2:$F$383,D$2)/D23) -> 9.9411605 | E22: =IF(E23=0,"",SUMIFS('权重计算'!$M$2:$M$383,'权重计算'!$F$2:$F$383,E$2)/E23) -> 9.5441545 | F22: =IF(F23=0,"",SUMIFS('权重计算'!$M$2:$M$383,'权重计算'!$F$2:$F$383,F$2)/F23) -> 9.738483 | G22: =IF(G23=0,"",SUMIFS('权重计算'!$M$2:$M$383,'权重计算'!$F$2:$F$383,G$2)/G23) -> 9.4782287 | H22: =IF(H23=0,"",SUMIFS('权重计算'!$M$2:$M$383,'权重计算'!$F$2:$F$383,H$2)/H23) -> 9.7964401 | I22: =SUM('权重计算'!$V$2:$V$119) -> 1 | J22: =SUM('权重计算'!$X$2:$X$119)+SUM('周期计算'!N2:N9) -> -0.0011431967
A23: 一级指标权重 | D23: =SUMIFS('权重计算'!$L$2:$L$383,'权重计算'!$F$2:$F$383,D$2) -> 0.22883456 | E23: =SUMIFS('权重计算'!$L$2:$L$383,'权重计算'!$F$2:$F$383,E$2) -> 0.39101095 | F23: =SUMIFS('权重计算'!$L$2:$L$383,'权重计算'!$F$2:$F$383,F$2) -> 0.15268441 | G23: =SUMIFS('权重计算'!$L$2:$L$383,'权重计算'!$F$2:$F$383,G$2) -> 0.034311603 | H23: =SUMIFS('权重计算'!$L$2:$L$383,'权重计算'!$F$2:$F$383,H$2) -> 0.19315848
A24: 总分核对差额 | C24: =C22-SUMPRODUCT(D22:H22,D23:H23)-J22 -> 0
A25: 各周期等权。列底分数按一级指标贡献加权；餐饮为配套子项时权重为0。舍入差额保留单期原评分。
A27: 计分权重与横向核对
A28: 客户大类 | B28: 样本类型 | C28: 类型权重 | D28: 产品服务 | E28: 硬件设施 | F28: 配套服务 | G28: 智慧场馆/服务 | H28: 餐饮服务 | I28: 横向核对差额
A29: 一、会展客户 | B29: 展览活动主（承）办 | C29: =I3 -> 0.068926662 | D29: =SUMIFS('权重计算'!$L$2:$L$383,'权重计算'!$C$2:$C$383,$B3,'权重计算'!$F$2:$F$383,D$2) -> 0.020721395 | E29: =SUMIFS('权重计算'!$L$2:$L$383,'权重计算'!$C$2:$C$383,$B3,'权重计算'!$F$2:$F$383,E$2) -> 0.020721395 | F29: =SUMIFS('权重计算'!$L$2:$L$383,'权重计算'!$C$2:$C$383,$B3,'权重计算'!$F$2:$F$383,F$2) -> 0.020721395 | G29: =SUMIFS('权重计算'!$L$2:$L$383,'权重计算'!$C$2:$C$383,$B3,'权重计算'!$F$2:$F$383,G$2) -> 0.0067624777 | H29: =SUMIFS('权重计算'!$L$2:$L$383,'权重计算'!$C$2:$C$383,$B3,'权重计算'!$F$2:$F$383,H$2) -> 0 | I29: =IF(I3=0,"",C3-SUMPRODUCT(D3:H3,D29:H29)/I3-J3) -> -1.7763568e-15
A30: 一、会展客户 | B30: 参展商 | C30: =I4 -> 0.068926662 | D30: =SUMIFS('权重计算'!$L$2:$L$383,'权重计算'!$C$2:$C$383,$B4,'权重计算'!$F$2:$F$383,D$2) -> 0.022231506 | E30: =SUMIFS('权重计算'!$L$2:$L$383,'权重计算'!$C$2:$C$383,$B4,'权重计算'!$F$2:$F$383,E$2) -> 0.022231506 | F30: =SUMIFS('权重计算'!$L$2:$L$383,'权重计算'!$C$2:$C$383,$B4,'权重计算'!$F$2:$F$383,F$2) -> 0.022231506 | G30: =SUMIFS('权重计算'!$L$2:$L$383,'权重计算'!$C$2:$C$383,$B4,'权重计算'!$F$2:$F$383,G$2) -> 0.0022321429 | H30: =SUMIFS('权重计算'!$L$2:$L$383,'权重计算'!$C$2:$C$383,$B4,'权重计算'!$F$2:$F$383,H$2) -> 0 | I30: =IF(I4=0,"",C4-SUMPRODUCT(D4:H4,D30:H30)/I4-J4) -> -1.7763568e-15
A31: 一、会展客户 | B31: 专业观众 | C31: =I5 -> 0.068926662 | D31: =SUMIFS('权重计算'!$L$2:$L$383,'权重计算'!$C$2:$C$383,$B5,'权重计算'!$F$2:$F$383,D$2) -> 0.022975554 | E31: =SUMIFS('权重计算'!$L$2:$L$383,'权重计算'!$C$2:$C$383,$B5,'权重计算'!$F$2:$F$383,E$2) -> 0.022975554 | F31: =SUMIFS('权重计算'!$L$2:$L$383,'权重计算'!$C$2:$C$383,$B5,'权重计算'!$F$2:$F$383,F$2) -> 0.022975554 | G31: =SUMIFS('权重计算'!$L$2:$L$383,'权重计算'!$C$2:$C$383,$B5,'权重计算'!$F$2:$F$383,G$2) -> 0 | H31: =SUMIFS('权重计算'!$L$2:$L$383,'权重计算'!$C$2:$C$383,$B5,'权重计算'!$F$2:$F$383,H$2) -> 0 | I31: =IF(I5=0,"",C5-SUMPRODUCT(D5:H5,D31:H31)/I5-J5) -> 1.7763568e-15
A32: 一、会展客户 | B32: 会展服务商 | C32: =I6 -> 0.057563025 | D32: =SUMIFS('权重计算'!$L$2:$L$383,'权重计算'!$C$2:$C$383,$B6,'权重计算'!$F$2:$F$383,D$2) -> 0.017749183 | E32: =SUMIFS('权重计算'!$L$2:$L$383,'权重计算'!$C$2:$C$383,$B6,'权重计算'!$F$2:$F$383,E$2) -> 0.017749183 | F32: =SUMIFS('权重计算'!$L$2:$L$383,'权重计算'!$C$2:$C$383,$B6,'权重计算'!$F$2:$F$383,F$2) -> 0.017749183 | G32: =SUMIFS('权重计算'!$L$2:$L$383,'权重计算'!$C$2:$C$383,$B6,'权重计算'!$F$2:$F$383,G$2) -> 0.0043154762 | H32: =SUMIFS('权重计算'!$L$2:$L$383,'权重计算'!$C$2:$C$383,$B6,'权重计算'!$F$2:$F$383,H$2) -> 0 | I32: =IF(I6=0,"",C6-SUMPRODUCT(D6:H6,D32:H32)/I6-J6) -> 1.7763568e-15
A33: 一、会展客户 | B33: 会议活动主（承）办 | C33: =I7 -> 0.068926662 | D33: =SUMIFS('权重计算'!$L$2:$L$383,'权重计算'!$C$2:$C$383,$B7,'权重计算'!$F$2:$F$383,D$2) -> 0.022028584 | E33: =SUMIFS('权重计算'!$L$2:$L$383,'权重计算'!$C$2:$C$383,$B7,'权重计算'!$F$2:$F$383,E$2) -> 0.022028584 | F33: =SUMIFS('权重计算'!$L$2:$L$383,'权重计算'!$C$2:$C$383,$B7,'权重计算'!$F$2:$F$383,F$2) -> 0.022028584 | G33: =SUMIFS('权重计算'!$L$2:$L$383,'权重计算'!$C$2:$C$383,$B7,'权重计算'!$F$2:$F$383,G$2) -> 0.0028409091 | H33: =SUMIFS('权重计算'!$L$2:$L$383,'权重计算'!$C$2:$C$383,$B7,'权重计算'!$F$2:$F$383,H$2) -> 0 | I33: =IF(I7=0,"",C7-SUMPRODUCT(D7:H7,D33:H33)/I7-J7) -> 0
A34: 一、会展客户 | B34: 参会客户 | C34: =I8 -> 0.05999809 | D34: =SUMIFS('权重计算'!$L$2:$L$383,'权重计算'!$C$2:$C$383,$B8,'权重计算'!$F$2:$F$383,D$2) -> 0.019999363 | E34: =SUMIFS('权重计算'!$L$2:$L$383,'权重计算'!$C$2:$C$383,$B8,'权重计算'!$F$2:$F$383,E$2) -> 0.019999363 | F34: =SUMIFS('权重计算'!$L$2:$L$383,'权重计算'!$C$2:$C$383,$B8,'权重计算'!$F$2:$F$383,F$2) -> 0.019999363 | G34: =SUMIFS('权重计算'!$L$2:$L$383,'权重计算'!$C$2:$C$383,$B8,'权重计算'!$F$2:$F$383,G$2) -> 0 | H34: =SUMIFS('权重计算'!$L$2:$L$383,'权重计算'!$C$2:$C$383,$B8,'权重计算'!$F$2:$F$383,H$2) -> 0 | I34: =IF(I8=0,"",C8-SUMPRODUCT(D8:H8,D34:H34)/I8-J8) -> 1.7763568e-15
A35: 二、餐饮客户 | B35: 商务简餐 | C35: =I9 -> 0.068926662 | D35: =SUMIFS('权重计算'!$L$2:$L$383,'权重计算'!$C$2:$C$383,$B9,'权重计算'!$F$2:$F$383,D$2) -> 0 | E35: =SUMIFS('权重计算'!$L$2:$L$383,'权重计算'!$C$2:$C$383,$B9,'权重计算'!$F$2:$F$383,E$2) -> 0.033074442 | F35: =SUMIFS('权重计算'!$L$2:$L$383,'权重计算'!$C$2:$C$383,$B9,'权重计算'!$F$2:$F$383,F$2) -> 0 | G35: =SUMIFS('权重计算'!$L$2:$L$383,'权重计算'!$C$2:$C$383,$B9,'权重计算'!$F$2:$F$383,G$2) -> 0.0027777778 | H35: =SUMIFS('权重计算'!$L$2:$L$383,'权重计算'!$C$2:$C$383,$B9,'权重计算'!$F$2:$F$383,H$2) -> 0.033074442 | I35: =IF(I9=0,"",C9-SUMPRODUCT(D9:H9,D35:H35)/I9-J9) -> 1.7763568e-15
A36: 二、餐饮客户 | B36: 特色美食廊 | C36: =I10 -> 0.057563025 | D36: =SUMIFS('权重计算'!$L$2:$L$383,'权重计算'!$C$2:$C$383,$B10,'权重计算'!$F$2:$F$383,D$2) -> 0 | E36: =SUMIFS('权重计算'!$L$2:$L$383,'权重计算'!$C$2:$C$383,$B10,'权重计算'!$F$2:$F$383,E$2) -> 0.025904528 | F36: =SUMIFS('权重计算'!$L$2:$L$383,'权重计算'!$C$2:$C$383,$B10,'权重计算'!$F$2:$F$383,F$2) -> 0 | G36: =SUMIFS('权重计算'!$L$2:$L$383,'权重计算'!$C$2:$C$383,$B10,'权重计算'!$F$2:$F$383,G$2) -> 0.0057539683 | H36: =SUMIFS('权重计算'!$L$2:$L$383,'权重计算'!$C$2:$C$383,$B10,'权重计算'!$F$2:$F$383,H$2) -> 0.025904528 | I36: =IF(I10=0,"",C10-SUMPRODUCT(D10:H10,D36:H36)/I10-J10) -> 0
A37: 二、餐饮客户 | B37: 婚宴 | C37: =I11 -> 0.031967787 | D37: =SUMIFS('权重计算'!$L$2:$L$383,'权重计算'!$C$2:$C$383,$B11,'权重计算'!$F$2:$F$383,D$2) -> 0 | E37: =SUMIFS('权重计算'!$L$2:$L$383,'权重计算'!$C$2:$C$383,$B11,'权重计算'!$F$2:$F$383,E$2) -> 0.015983894 | F37: =SUMIFS('权重计算'!$L$2:$L$383,'权重计算'!$C$2:$C$383,$B11,'权重计算'!$F$2:$F$383,F$2) -> 0 | G37: =SUMIFS('权重计算'!$L$2:$L$383,'权重计算'!$C$2:$C$383,$B11,'权重计算'!$F$2:$F$383,G$2) -> 0 | H37: =SUMIFS('权重计算'!$L$2:$L$383,'权重计算'!$C$2:$C$383,$B11,'权重计算'!$F$2:$F$383,H$2) -> 0.015983894 | I37: =IF(I11=0,"",C11-SUMPRODUCT(D11:H11,D37:H37)/I11-J11) -> 1.7763568e-15
A38: 二、餐饮客户 | B38: 自助餐 | C38: =I12 -> 0.060593328 | D38: =SUMIFS('权重计算'!$L$2:$L$383,'权重计算'!$C$2:$C$383,$B12,'权重计算'!$F$2:$F$383,D$2) -> 0 | E38: =SUMIFS('权重计算'!$L$2:$L$383,'权重计算'!$C$2:$C$383,$B12,'权重计算'!$F$2:$F$383,E$2) -> 0.030296664 | F38: =SUMIFS('权重计算'!$L$2:$L$383,'权重计算'!$C$2:$C$383,$B12,'权重计算'!$F$2:$F$383,F$2) -> 0 | G38: =SUMIFS('权重计算'!$L$2:$L$383,'权重计算'!$C$2:$C$383,$B12,'权重计算'!$F$2:$F$383,G$2) -> 0 | H38: =SUMIFS('权重计算'!$L$2:$L$383,'权重计算'!$C$2:$C$383,$B12,'权重计算'!$F$2:$F$383,H$2) -> 0.030296664 | I38: =IF(I12=0,"",C12-SUMPRODUCT(D12:H12,D38:H38)/I12-J12) -> -1.7763568e-15
A39: 二、餐饮客户 | B39: 宴会 | C39: =I13 -> 0.044907054 | D39: =SUMIFS('权重计算'!$L$2:$L$383,'权重计算'!$C$2:$C$383,$B13,'权重计算'!$F$2:$F$383,D$2) -> 0 | E39: =SUMIFS('权重计算'!$L$2:$L$383,'权重计算'!$C$2:$C$383,$B13,'权重计算'!$F$2:$F$383,E$2) -> 0.022453527 | F39: =SUMIFS('权重计算'!$L$2:$L$383,'权重计算'!$C$2:$C$383,$B13,'权重计算'!$F$2:$F$383,F$2) -> 0 | G39: =SUMIFS('权重计算'!$L$2:$L$383,'权重计算'!$C$2:$C$383,$B13,'权重计算'!$F$2:$F$383,G$2) -> 0 | H39: =SUMIFS('权重计算'!$L$2:$L$383,'权重计算'!$C$2:$C$383,$B13,'权重计算'!$F$2:$F$383,H$2) -> 0.022453527 | I39: =IF(I13=0,"",C13-SUMPRODUCT(D13:H13,D39:H39)/I13-J13) -> 0
A40: 三、G20峰会体验馆 | B40: 游客 | C40: =I14 -> 0.048634454 | D40: =SUMIFS('权重计算'!$L$2:$L$383,'权重计算'!$C$2:$C$383,$B14,'权重计算'!$F$2:$F$383,D$2) -> 0.022829132 | E40: =SUMIFS('权重计算'!$L$2:$L$383,'权重计算'!$C$2:$C$383,$B14,'权重计算'!$F$2:$F$383,E$2) -> 0.022829132 | F40: =SUMIFS('权重计算'!$L$2:$L$383,'权重计算'!$C$2:$C$383,$B14,'权重计算'!$F$2:$F$383,F$2) -> 0 | G40: =SUMIFS('权重计算'!$L$2:$L$383,'权重计算'!$C$2:$C$383,$B14,'权重计算'!$F$2:$F$383,G$2) -> 0.0029761905 | H40: =SUMIFS('权重计算'!$L$2:$L$383,'权重计算'!$C$2:$C$383,$B14,'权重计算'!$F$2:$F$383,H$2) -> 0 | I40: =IF(I14=0,"",C14-SUMPRODUCT(D14:H14,D40:H40)/I14-J14) -> 1.7763568e-15
... A47: 五、酒店客户 | B47: 酒店餐饮客户 | C47: =I21 -> 0.068926662 | D47: =SUMIFS('权重计算'!$L$2:$L$383,'权重计算'!$C$2:$C$383,$B21,'权重计算'!$F$2:$F$383,D$2) -> 0 | E47: =SUMIFS('权重计算'!$L$2:$L$383,'权重计算'!$C$2:$C$383,$B21,'权重计算'!$F$2:$F$383,E$2) -> 0.034463331 | F47: =SUMIFS('权重计算'!$L$2:$L$383,'权重计算'!$C$2:$C$383,$B21,'权重计算'!$F$2:$F$383,F$2) -> 0 | G47: =SUMIFS('权重计算'!$L$2:$L$383,'权重计算'!$C$2:$C$383,$B21,'权重计算'!$F$2:$F$383,G$2) -> 0 | H47: =SUMIFS('权重计算'!$L$2:$L$383,'权重计算'!$C$2:$C$383,$B21,'权重计算'!$F$2:$F$383,H$2) -> 0.034463331 | I47: =IF(I21=0,"",C21-SUMPRODUCT(D21:H21,D47:H47)/I21-J21) -> 0

Sheet 周期计算
A1: 周期 | B1: 数据来源 | C1: 总分 | D1: 产品服务 | E1: 硬件设施 | F1: 配套服务 | G1: 智慧场馆/服务 | H1: 餐饮服务 | I1: 有效客户类型数 | J1: 类型总分均值 | K1: 周期舍入差额 | L1: 周期权重 | M1: 周期总分贡献 | N1: 周期舍入贡献 | O1: 历史保存总分 | P1: 重算与历史差异
A2: 1-2月 | B2: 原始数据重算 | C2: =ROUND(J2,2) -> 9.73 | D2: 9.86 | E2: 9.62 | F2: 9.67 | G2: 8.75 | H2: 9.76 | I2: 11 | J2: =SUMIFS('权重计算'!$W$2:$W$119,'权重计算'!$Q$2:$Q$119,A2)/L2 -> 9.7281818 | K2: =C2-J2 -> 0.0018181818 | L2: 0.125 | M2: =C2*L2 -> 1.21625 | N2: =K2*L2 -> 0.00022727273 | O2: 9.72 | P2: =C2-O2 -> 0.01
A3: 3月 | B3: 原始数据重算 | C3: =ROUND(J3,2) -> 9.57 | D3: 9.95 | E3: 9.32 | F3: 9.48 | H3: 9.29 | I3: 17 | J3: =SUMIFS('权重计算'!$W$2:$W$119,'权重计算'!$Q$2:$Q$119,A3)/L3 -> 9.5723529 | K3: =C3-J3 -> -0.0023529412 | L3: 0.125 | M3: =C3*L3 -> 1.19625 | N3: =K3*L3 -> -0.00029411765 | O3: 9.57 | P3: =C3-O3 -> 0
A4: 4月 | B4: 原始数据重算 | C4: =ROUND(J4,2) -> 9.61 | D4: 9.96 | E4: 9.33 | F4: 9.73 | H4: 9.42 | I4: 14 | J4: =SUMIFS('权重计算'!$W$2:$W$119,'权重计算'!$Q$2:$Q$119,A4)/L4 -> 9.6128571 | K4: =C4-J4 -> -0.0028571429 | L4: 0.125 | M4: =C4*L4 -> 1.20125 | N4: =K4*L4 -> -0.00035714286 | O4: 9.61 | P4: =C4-O4 -> 0
A5: 5月 | B5: 原始数据重算 | C5: =ROUND(J5,2) -> 9.81 | D5: 9.98 | E5: 9.67 | F5: 9.86 | H5: 9.7 | I5: 15 | J5: =SUMIFS('权重计算'!$W$2:$W$119,'权重计算'!$Q$2:$Q$119,A5)/L5 -> 9.81 | K5: =C5-J5 -> 0 | L5: 0.125 | M5: =C5*L5 -> 1.22625 | N5: =K5*L5 -> 0 | O5: 9.81 | P5: =C5-O5 -> 0
A6: 6月 | B6: 原始数据重算 | C6: =ROUND(J6,2) -> 9.74 | D6: 9.95 | E6: 9.63 | F6: 9.68 | G6: 9.67 | H6: 9.37 | I6: 17 | J6: =SUMIFS('权重计算'!$W$2:$W$119,'权重计算'!$Q$2:$Q$119,A6)/L6 -> 9.7447059 | K6: =C6-J6 -> -0.0047058824 | L6: 0.125 | M6: =C6*L6 -> 1.2175 | N6: =K6*L6 -> -0.00058823529 | O6: 9.74 | P6: =C6-O6 -> 0
A7: 7月 | B7: 原始数据重算 | C7: =ROUND(J7,2) -> 9.76 | D7: 9.98 | E7: 9.54 | F7: 9.96 | G7: 9.88 | H7: 9.75 | I7: 15 | J7: =SUMIFS('权重计算'!$W$2:$W$119,'权重计算'!$Q$2:$Q$119,A7)/L7 -> 9.7626667 | K7: =C7-J7 -> -0.0026666667 | L7: 0.125 | M7: =C7*L7 -> 1.22 | N7: =K7*L7 -> -0.00033333333 | O7: 9.76 | P7: =C7-O7 -> 0
A8: 8月 | B8: 原始数据重算 | C8: =ROUND(J8,2) -> 9.76 | D8: 9.96 | E8: 9.62 | F8: 9.82 | G8: 9.67 | H8: 9.52 | I8: 15 | J8: =SUMIFS('权重计算'!$W$2:$W$119,'权重计算'!$Q$2:$Q$119,A8)/L8 -> 9.764 | K8: =C8-J8 -> -0.004 | L8: 0.125 | M8: =C8*L8 -> 1.22 | N8: =K8*L8 -> -0.0005 | O8: 9.76 | P8: =C8-O8 -> 0
A9: 9月 | B9: 原始数据重算 | C9: =ROUND(J9,2) -> 9.7 | D9: 9.83 | E9: 9.68 | F9: 9.59 | G9: 9.48 | H9: 9.29 | I9: 14 | J9: =SUMIFS('权重计算'!$W$2:$W$119,'权重计算'!$Q$2:$Q$119,A9)/L9 -> 9.7007143 | K9: =C9-J9 -> -0.00071428571 | L9: 0.125 | M9: =C9*L9 -> 1.2125 | N9: =K9*L9 -> -8.9285714e-05 | O9: 9.7 | P9: =C9-O9 -> 0
A10: 各期列总分均值 | C10: =AVERAGE(C2:C9) -> 9.71 | D10: =AVERAGE(D2:D9) -> 9.93375 | E10: =AVERAGE(E2:E9) -> 9.55125 | F10: =AVERAGE(F2:F9) -> 9.72375 | G10: =AVERAGE(G2:G9) -> 9.49 | H10: =AVERAGE(H2:H9) -> 9.5125

Sheet 权重计算
A1: 周期 | B1: 客户大类 | C1: 样本类型 | D1: 来源组件 | E1: 一级指标或子项 | F1: 展示列 | G1: 单期得分 | H1: 周期权重 | I1: 期内类型权重 | J1: 组件权重 | K1: 一级指标权重 | L1: 累计计分权重 | M1: 得分贡献 | N1: 展示权重 | O1: 展示贡献 | Q1: 周期 | R1: 样本类型 | S1: 单期类型总分 | T1: 一级指标重建总分 | U1: 类型舍入差额 | V1: 累计类型权重 | W1: 类型总分贡献 | X1: 类型舍入贡献
A2: 1-2月 | B2: 一、会展客户 | C2: 展览活动主（承）办 | D2: 展览主承办 | E2: 会展服务 | F2: 产品服务 | G2: 9.33 | H2: 0.125 | I2: 0.090909091 | J2: 1 | K2: 0.25 | L2: =PRODUCT(H2:K2) -> 0.0028409091 | M2: =G2*L2 -> 0.026505682 | N2: =IF(K2=0,H2*I2,L2) -> 0.0028409091 | O2: =G2*N2 -> 0.026505682 | Q2: 1-2月 | R2: 展览活动主（承）办 | S2: 9.14 | T2: =SUMIFS($M$2:$M$383,$A$2:$A$383,Q2,$C$2:$C$383,R2)/V2 -> 9.135 | U2: =S2-T2 -> 0.005 | V2: 0.011363636 | W2: =S2*V2 -> 0.10386364 | X2: =U2*V2 -> 5.6818182e-05
A3: 1-2月 | B3: 一、会展客户 | C3: 展览活动主（承）办 | D3: 展览主承办 | E3: 硬件设施 | F3: 硬件设施 | G3: 9.71 | H3: 0.125 | I3: 0.090909091 | J3: 1 | K3: 0.25 | L3: =PRODUCT(H3:K3) -> 0.0028409091 | M3: =G3*L3 -> 0.027585227 | N3: =IF(K3=0,H3*I3,L3) -> 0.0028409091 | O3: =G3*N3 -> 0.027585227 | Q3: 1-2月 | R3: 参展商 | S3: 9.65 | T3: =SUMIFS($M$2:$M$383,$A$2:$A$383,Q3,$C$2:$C$383,R3)/V3 -> 9.65 | U3: =S3-T3 -> 0 | V3: 0.011363636 | W3: =S3*V3 -> 0.10965909 | X3: =U3*V3 -> 0
A4: 1-2月 | B4: 一、会展客户 | C4: 展览活动主（承）办 | D4: 展览主承办 | E4: 配套服务 | F4: 配套服务 | G4: 9 | H4: 0.125 | I4: 0.090909091 | J4: 1 | K4: 0.25 | L4: =PRODUCT(H4:K4) -> 0.0028409091 | M4: =G4*L4 -> 0.025568182 | N4: =IF(K4=0,H4*I4,L4) -> 0.0028409091 | O4: =G4*N4 -> 0.025568182 | Q4: 1-2月 | R4: 专业观众 | S4: 9.77 | T4: =SUMIFS($M$2:$M$383,$A$2:$A$383,Q4,$C$2:$C$383,R4)/V4 -> 9.7733333 | U4: =S4-T4 -> -0.0033333333 | V4: 0.011363636 | W4: =S4*V4 -> 0.11102273 | X4: =U4*V4 -> -3.7878788e-05
A5: 1-2月 | B5: 一、会展客户 | C5: 展览活动主（承）办 | D5: 展览主承办 | E5: 智慧场馆 | F5: 智慧场馆/服务 | G5: 8.5 | H5: 0.125 | I5: 0.090909091 | J5: 1 | K5: 0.25 | L5: =PRODUCT(H5:K5) -> 0.0028409091 | M5: =G5*L5 -> 0.024147727 | N5: =IF(K5=0,H5*I5,L5) -> 0.0028409091 | O5: =G5*N5 -> 0.024147727 | Q5: 1-2月 | R5: 会议活动主（承）办 | S5: 9.47 | T5: =SUMIFS($M$2:$M$383,$A$2:$A$383,Q5,$C$2:$C$383,R5)/V5 -> 9.4725 | U5: =S5-T5 -> -0.0025 | V5: 0.011363636 | W5: =S5*V5 -> 0.10761364 | X5: =U5*V5 -> -2.8409091e-05
A6: 1-2月 | B6: 一、会展客户 | C6: 参展商 | D6: 参展商 | E6: 会场服务 | F6: 产品服务 | G6: 9.99 | H6: 0.125 | I6: 0.090909091 | J6: 1 | K6: 0.33333333 | L6: =PRODUCT(H6:K6) -> 0.0037878788 | M6: =G6*L6 -> 0.037840909 | N6: =IF(K6=0,H6*I6,L6) -> 0.0037878788 | O6: =G6*N6 -> 0.037840909 | Q6: 1-2月 | R6: 参会客户 | S6: 9.81 | T6: =SUMIFS($M$2:$M$383,$A$2:$A$383,Q6,$C$2:$C$383,R6)/V6 -> 9.8133333 | U6: =S6-T6 -> -0.0033333333 | V6: 0.011363636 | W6: =S6*V6 -> 0.11147727 | X6: =U6*V6 -> -3.7878788e-05
A7: 1-2月 | B7: 一、会展客户 | C7: 参展商 | D7: 参展商 | E7: 硬件设施 | F7: 硬件设施 | G7: 9.13 | H7: 0.125 | I7: 0.090909091 | J7: 1 | K7: 0.33333333 | L7: =PRODUCT(H7:K7) -> 0.0037878788 | M7: =G7*L7 -> 0.034583333 | N7: =IF(K7=0,H7*I7,L7) -> 0.0037878788 | O7: =G7*N7 -> 0.034583333 | Q7: 1-2月 | R7: 商务简餐 | S7: 9.58 | T7: =SUMIFS($M$2:$M$383,$A$2:$A$383,Q7,$C$2:$C$383,R7)/V7 -> 9.575 | U7: =S7-T7 -> 0.005 | V7: 0.011363636 | W7: =S7*V7 -> 0.10886364 | X7: =U7*V7 -> 5.6818182e-05
A8: 1-2月 | B8: 一、会展客户 | C8: 参展商 | D8: 参展商 | E8: 配套服务 | F8: 配套服务 | G8: 9.83 | H8: 0.125 | I8: 0.090909091 | J8: 1 | K8: 0.33333333 | L8: =PRODUCT(H8:K8) -> 0.0037878788 | M8: =G8*L8 -> 0.037234848 | N8: =IF(K8=0,H8*I8,L8) -> 0.0037878788 | O8: =G8*N8 -> 0.037234848 | Q8: 1-2月 | R8: 自助餐 | S8: 10 | T8: =SUMIFS($M$2:$M$383,$A$2:$A$383,Q8,$C$2:$C$383,R8)/V8 -> 10 | U8: =S8-T8 -> 0 | V8: 0.011363636 | W8: =S8*V8 -> 0.11363636 | X8: =U8*V8 -> 0
A9: 1-2月 | B9: 一、会展客户 | C9: 参展商 | D9: 配套服务子项 | E9: 其中：餐饮服务 | F9: 餐饮服务 | G9: 9.5 | H9: 0.125 | I9: 0.090909091 | J9: 1 | K9: 0 | L9: =PRODUCT(H9:K9) -> 0 | M9: =G9*L9 -> 0 | N9: =IF(K9=0,H9*I9,L9) -> 0.011363636 | O9: =G9*N9 -> 0.10795455 | Q9: 1-2月 | R9: 宴会 | S9: 9.85 | T9: =SUMIFS($M$2:$M$383,$A$2:$A$383,Q9,$C$2:$C$383,R9)/V9 -> 9.85 | U9: =S9-T9 -> 0 | V9: 0.011363636 | W9: =S9*V9 -> 0.11193182 | X9: =U9*V9 -> 0
A10: 1-2月 | B10: 一、会展客户 | C10: 专业观众 | D10: 专业观众 | E10: 会展服务 | F10: 产品服务 | G10: 10 | H10: 0.125 | I10: 0.090909091 | J10: 1 | K10: 0.33333333 | L10: =PRODUCT(H10:K10) -> 0.0037878788 | M10: =G10*L10 -> 0.037878788 | N10: =IF(K10=0,H10*I10,L10) -> 0.0037878788 | O10: =G10*N10 -> 0.037878788 | Q10: 1-2月 | R10: 酒店住宿团队 | S10: 9.94 | T10: =SUMIFS($M$2:$M$383,$A$2:$A$383,Q10,$C$2:$C$383,R10)/V10 -> 9.9433333 | U10: =S10-T10 -> -0.0033333333 | V10: 0.011363636 | W10: =S10*V10 -> 0.11295455 | X10: =U10*V10 -> -3.7878788e-05
A11: 1-2月 | B11: 一、会展客户 | C11: 专业观众 | D11: 专业观众 | E11: 硬件设施 | F11: 硬件设施 | G11: 9.37 | H11: 0.125 | I11: 0.090909091 | J11: 1 | K11: 0.33333333 | L11: =PRODUCT(H11:K11) -> 0.0037878788 | M11: =G11*L11 -> 0.035492424 | N11: =IF(K11=0,H11*I11,L11) -> 0.0037878788 | O11: =G11*N11 -> 0.035492424 | Q11: 1-2月 | R11: 酒店参会客户 | S11: 9.82 | T11: =SUMIFS($M$2:$M$383,$A$2:$A$383,Q11,$C$2:$C$383,R11)/V11 -> 9.82 | U11: =S11-T11 -> 0 | V11: 0.011363636 | W11: =S11*V11 -> 0.11159091 | X11: =U11*V11 -> 0
A12: 1-2月 | B12: 一、会展客户 | C12: 专业观众 | D12: 专业观众 | E12: 配套服务 | F12: 配套服务 | G12: 9.95 | H12: 0.125 | I12: 0.090909091 | J12: 1 | K12: 0.33333333 | L12: =PRODUCT(H12:K12) -> 0.0037878788 | M12: =G12*L12 -> 0.037689394 | N12: =IF(K12=0,H12*I12,L12) -> 0.0037878788 | O12: =G12*N12 -> 0.037689394 | Q12: 1-2月 | R12: 酒店餐饮客户 | S12: 9.98 | T12: =SUMIFS($M$2:$M$383,$A$2:$A$383,Q12,$C$2:$C$383,R12)/V12 -> 9.9725 | U12: =S12-T12 -> 0.0075 | V12: 0.011363636 | W12: =S12*V12 -> 0.11340909 | X12: =U12*V12 -> 8.5227273e-05
A13: 1-2月 | B13: 一、会展客户 | C13: 专业观众 | D13: 配套服务子项 | E13: 其中：餐饮服务 | F13: 餐饮服务 | G13: 9.85 | H13: 0.125 | I13: 0.090909091 | J13: 1 | K13: 0 | L13: =PRODUCT(H13:K13) -> 0 | M13: =G13*L13 -> 0 | N13: =IF(K13=0,H13*I13,L13) -> 0.011363636 | O13: =G13*N13 -> 0.11193182 | Q13: 3月 | R13: 展览活动主（承）办 | S13: 9.56 | T13: =SUMIFS($M$2:$M$383,$A$2:$A$383,Q13,$C$2:$C$383,R13)/V13 -> 9.5633333 | U13: =S13-T13 -> -0.0033333333 | V13: 0.0073529412 | W13: =S13*V13 -> 0.070294118 | X13: =U13*V13 -> -2.4509804e-05
... A119: 4月 | B119: 二、餐饮客户 | C119: 婚宴 | D119: 婚宴 | E119: 餐饮服务 | F119: 餐饮服务 | G119: 9.91 | H119: 0.125 | I119: 0.071428571 | J119: 1 | K119: 0.5 | L119: =PRODUCT(H119:K119) -> 0.0044642857 | M119: =G119*L119 -> 0.044241071 | N119: =IF(K119=0,H119*I119,L119) -> 0.0044642857 | O119: =G119*N119 -> 0.044241071 | Q119: 9月 | R119: 酒店餐饮客户 | S119: 9.49 | T119: =SUMIFS($M$2:$M$383,$A$2:$A$383,Q119,$C$2:$C$383,R119)/V119 -> 9.485 | U119: =S119-T119 -> 0.005 | V119: 0.0089285714 | W119: =S119*V119 -> 0.084732143 | X119: =U119*V119 -> 4.4642857e-05
A120: 4月 | B120: 二、餐饮客户 | C120: 婚宴 | D120: 婚宴 | E120: 硬件设施 | F120: 硬件设施 | G120: 8.94 | H120: 0.125 | I120: 0.071428571 | J120: 1 | K120: 0.5 | L120: =PRODUCT(H120:K120) -> 0.0044642857 | M120: =G120*L120 -> 0.039910714 | N120: =IF(K120=0,H120*I120,L120) -> 0.0044642857 | O120: =G120*N120 -> 0.039910714
A121: 4月 | B121: 二、餐饮客户 | C121: 自助餐 | D121: 自助餐 | E121: 餐饮服务 | F121: 餐饮服务 | G121: 9.7 | H121: 0.125 | I121: 0.071428571 | J121: 1 | K121: 0.5 | L121: =PRODUCT(H121:K121) -> 0.0044642857 | M121: =G121*L121 -> 0.043303571 | N121: =IF(K121=0,H121*I121,L121) -> 0.0044642857 | O121: =G121*N121 -> 0.043303571
A122: 4月 | B122: 二、餐饮客户 | C122: 自助餐 | D122: 自助餐 | E122: 硬件设施 | F122: 硬件设施 | G122: 8.92 | H122: 0.125 | I122: 0.071428571 | J122: 1 | K122: 0.5 | L122: =PRODUCT(H122:K122) -> 0.0044642857 | M122: =G122*L122 -> 0.039821429 | N122: =IF(K122=0,H122*I122,L122) -> 0.0044642857 | O122: =G122*N122 -> 0.039821429
A123: 4月 | B123: 二、餐饮客户 | C123: 宴会 | D123: 宴会 | E123: 餐饮服务 | F123: 餐饮服务 | G123: 9.91 | H123: 0.125 | I123: 0.071428571 | J123: 1 | K123: 0.5 | L123: =PRODUCT(H123:K123) -> 0.0044642857 | M123: =G123*L123 -> 0.044241071 | N123: =IF(K123=0,H123*I123,L123) -> 0.0044642857 | O123: =G123*N123 -> 0.044241071
A124: 4月 | B124: 二、餐饮客户 | C124: 宴会 | D124: 宴会 | E124: 硬件设施 | F124: 硬件设施 | G124: 9.65 | H124: 0.125 | I124: 0.071428571 | J124: 1 | K124: 0.5 | L124: =PRODUCT(H124:K124) -> 0.0044642857 | M124: =G124*L124 -> 0.043080357 | N124: =IF(K124=0,H124*I124,L124) -> 0.0044642857 | O124: =G124*N124 -> 0.043080357
A125: 4月 | B125: 五、酒店客户 | C125: 酒店散客 | D125: 散客 | E125: 硬件设施 | F125: 硬件设施 | G125: 9.66 | H125: 0.125 | I125: 0.071428571 | J125: 1 | K125: 0.33333333 | L125: =PRODUCT(H125:K125) -> 0.0029761905 | M125: =G125*L125 -> 0.02875 | N125: =IF(K125=0,H125*I125,L125) -> 0.0029761905 | O125: =G125*N125 -> 0.02875
A126: 4月 | B126: 五、酒店客户 | C126: 酒店散客 | D126: 散客 | E126: 入住服务 | F126: 产品服务 | G126: 9.99 | H126: 0.125 | I126: 0.071428571 | J126: 1 | K126: 0.33333333 | L126: =PRODUCT(H126:K126) -> 0.0029761905 | M126: =G126*L126 -> 0.029732143 | N126: =IF(K126=0,H126*I126,L126) -> 0.0029761905 | O126: =G126*N126 -> 0.029732143
A127: 4月 | B127: 五、酒店客户 | C127: 酒店散客 | D127: 散客 | E127: 餐饮服务 | F127: 餐饮服务 | G127: 10 | H127: 0.125 | I127: 0.071428571 | J127: 1 | K127: 0.33333333 | L127: =PRODUCT(H127:K127) -> 0.0029761905 | M127: =G127*L127 -> 0.029761905 | N127: =IF(K127=0,H127*I127,L127) -> 0.0029761905 | O127: =G127*N127 -> 0.029761905
A128: 4月 | B128: 五、酒店客户 | C128: 酒店参会客户 | D128: 酒店参会客户 | E128: 会展服务 | F128: 产品服务 | G128: 10 | H128: 0.125 | I128: 0.071428571 | J128: 1 | K128: 0.33333333 | L128: =PRODUCT(H128:K128) -> 0.0029761905 | M128: =G128*L128 -> 0.029761905 | N128: =IF(K128=0,H128*I128,L128) -> 0.0029761905 | O128: =G128*N128 -> 0.029761905
A129: 4月 | B129: 五、酒店客户 | C129: 酒店参会客户 | D129: 酒店参会客户 | E129: 硬件设施 | F129: 硬件设施 | G129: 9.57 | H129: 0.125 | I129: 0.071428571 | J129: 1 | K129: 0.33333333 | L129: =PRODUCT(H129:K129) -> 0.0029761905 | M129: =G129*L129 -> 0.028482143 | N129: =IF(K129=0,H129*I129,L129) -> 0.0029761905 | O129: =G129*N129 -> 0.028482143
A130: 4月 | B130: 五、酒店客户 | C130: 酒店参会客户 | D130: 酒店参会客户 | E130: 配套服务 | F130: 配套服务 | G130: 10 | H130: 0.125 | I130: 0.071428571 | J130: 1 | K130: 0.33333333 | L130: =PRODUCT(H130:K130) -> 0.0029761905 | M130: =G130*L130 -> 0.029761905 | N130: =IF(K130=0,H130*I130,L130) -> 0.0029761905 | O130: =G130*N130 -> 0.029761905
A131: 4月 | B131: 五、酒店客户 | C131: 酒店餐饮客户 | D131: 酒店宴会 | E131: 餐饮服务 | F131: 餐饮服务 | G131: 9.85 | H131: 0.125 | I131: 0.071428571 | J131: 1 | K131: 0.5 | L131: =PRODUCT(H131:K131) -> 0.0044642857 | M131: =G131*L131 -> 0.043973214 | N131: =IF(K131=0,H131*I131,L131) -> 0.0044642857 | O131: =G131*N131 -> 0.043973214
... A383: 9月 | B383: 五、酒店客户 | C383: 酒店餐饮客户 | D383: 酒店自助餐 | E383: 硬件设施 | F383: 硬件设施 | G383: 9.25 | H383: 0.125 | I383: 0.071428571 | J383: 1 | K383: 0.5 | L383: =PRODUCT(H383:K383) -> 0.0044642857 | M383: =G383*L383 -> 0.041294643 | N383: =IF(K383=0,H383*I383,L383) -> 0.0044642857 | O383: =G383*N383 -> 0.041294643
